branch,run_at,git_commit,chain_id,total_students,student_index,student_id,wallet_address,ganache_account_index,clean,exposed_name_count,exposed_value_count,exposed_names,encodings_checked,encodings_skipped
off-chain (ADV),2026-09-12T22:07:43.781Z,2ec59fc9522059b44a23c3a62e6926a48311e8c1,1337,500,0,24560000,0x70997970C51812dc3A010C7d01b50e0d17dc79C8,1,true,0,0,(khong),16,2
off-chain (ADV),2026-09-12T22:07:43.781Z,2ec59fc9522059b44a23c3a62e6926a48311e8c1,1337,500,1,24560001,0x3C44CdDdB6a900fa2b585dd299e03d12FA4293BC,2,true,0,0,(khong),16,2
off-chain (ADV),2026-09-12T22:07:43.781Z,2ec59fc9522059b44a23c3a62e6926a48311e8c1,1337,500,2,24560002,0x90F79bf6EB2c4f870365E785982E1f101E93b906,3,true,0,0,(khong),16,2
off-chain (ADV),2026-09-12T22:07:43.781Z,2ec59fc9522059b44a23c3a62e6926a48311e8c1,1337,500,3,24560003,0x15d34AAf54267DB7D7c367839AAf71A00a2C6A65,4,true,0,0,(khong),16,2
off-chain (ADV),2026-09-12T22:07:43.781Z,2ec59fc9522059b44a23c3a62e6926a48311e8c1,1337,500,4,24560004,0x9965507D1a55bcC2695C58ba16FB37d819B0A4dc,5,true,0,0,(khong),16,2
off-chain (ADV),2026-09-12T22:07:43.781Z,2ec59fc9522059b44a23c3a62e6926a48311e8c1,1337,500,5,24560005,0x976EA74026E726554dB657fA54763abd0C3a0aa9,6,true,0,0,(khong),16,2
off-chain (ADV),2026-09-12T22:07:43.781Z,2ec59fc9522059b44a23c3a62e6926a48311e8c1,1337,500,6,24560006,0x14dC79964da2C08b23698B3D3cc7Ca32193d9955,7,true,0,0,(khong),16,2
off-chain (ADV),2026-09-12T22:07:43.781Z,2ec59fc9522059b44a23c3a62e6926a48311e8c1,1337,500,7,24560007,0x23618e81E3f5cdF7f54C3d65f7FBc0aBf5B21E8f,8,true,0,0,(khong),16,2
off-chain (ADV),2026-09-12T22:07:43.781Z,2ec59fc9522059b44a23c3a62e6926a48311e8c1,1337,500,8,24560008,0xa0Ee7A142d267C1f36714E4a8F75612F20a79720,9,true,0,0,(khong),16,2
off-chain (ADV),2026-09-12T22:07:43.781Z,2ec59fc9522059b44a23c3a62e6926a48311e8c1,1337,500,9,24560009,0xBcd4042DE499D14e55001CcbB24a551F3b954096,10,true,0,0,(khong),16,2
off-chain (ADV),2026-09-12T22:07:43.781Z,2ec59fc9522059b44a23c3a62e6926a48311e8c1,1337,500,10,24560010,0x71bE63f3384f5fb98995898A86B02Fb2426c5788,11,true,0,0,(khong),16,2
off-chain (ADV),2026-09-12T22:07:43.781Z,2ec59fc9522059b44a23c3a62e6926a48311e8c1,1337,500,11,24560011,0xFABB0ac9d68B0B445fB7357272Ff202C5651694a,12,true,0,0,(khong),16,2
off-chain (ADV),2026-09-12T22:07:43.781Z,2ec59fc9522059b44a23c3a62e6926a48311e8c1,1337,500,12,24560012,0x1CBd3b2770909D4e10f157cABC84C7264073C9Ec,13,true,0,0,(khong),16,2
off-chain (ADV),2026-09-12T22:07:43.781Z,2ec59fc9522059b44a23c3a62e6926a48311e8c1,1337,500,13,24560013,0xdF3e18d64BC6A983f673Ab319CCaE4f1a57C7097,14,true,0,0,(khong),16,2
off-chain (ADV),2026-09-12T22:07:43.781Z,2ec59fc9522059b44a23c3a62e6926a48311e8c1,1337,500,14,24560014,0xcd3B766CCDd6AE721141F452C550Ca635964ce71,15,true,0,0,(khong),16,2
off-chain (ADV),2026-09-12T22:07:43.781Z,2ec59fc9522059b44a23c3a62e6926a48311e8c1,1337,500,15,24560015,0x2546BcD3c84621e976D8185a91A922aE77ECEc30,16,true,0,0,(khong),16,2
off-chain (ADV),2026-09-12T22:07:43.781Z,2ec59fc9522059b44a23c3a62e6926a48311e8c1,1337,500,16,24560016,0xbDA5747bFD65F08deb54cb465eB87D40e51B197E,17,true,0,0,(khong),16,2
off-chain (ADV),2026-09-12T22:07:43.781Z,2ec59fc9522059b44a23c3a62e6926a48311e8c1,1337,500,17,24560017,0xdD2FD4581271e230360230F9337D5c0430Bf44C0,18,true,0,0,(khong),16,2
off-chain (ADV),2026-09-12T22:07:43.781Z,2ec59fc9522059b44a23c3a62e6926a48311e8c1,1337,500,18,24560018,0x8626f6940E2eb28930eFb4CeF49B2d1F2C9C1199,19,true,0,0,(khong),16,2
off-chain (ADV),2026-09-12T22:07:43.781Z,2ec59fc9522059b44a23c3a62e6926a48311e8c1,1337,500,19,24560019,0x09DB0a93B389bEF724429898f539AEB7ac2Dd55f,20,true,0,0,(khong),16,2
off-chain (ADV),2026-09-12T22:07:43.781Z,2ec59fc9522059b44a23c3a62e6926a48311e8c1,1337,500,20,24560020,0x02484cb50AAC86Eae85610D6f4Bf026f30f6627D,21,true,0,0,(khong),16,2
off-chain (ADV),2026-09-12T22:07:43.781Z,2ec59fc9522059b44a23c3a62e6926a48311e8c1,1337,500,21,24560021,0x08135Da0A343E492FA2d4282F2AE34c6c5CC1BbE,22,true,0,0,(khong),16,2
off-chain (ADV),2026-09-12T22:07:43.781Z,2ec59fc9522059b44a23c3a62e6926a48311e8c1,1337,500,22,24560022,0x5E661B79FE2D3F6cE70F5AAC07d8Cd9abb2743F1,23,true,0,0,(khong),16,2
off-chain (ADV),2026-09-12T22:07:43.781Z,2ec59fc9522059b44a23c3a62e6926a48311e8c1,1337,500,23,24560023,0x61097BA76cD906d2ba4FD106E757f7Eb455fc295,24,true,0,0,(khong),16,2
off-chain (ADV),2026-09-12T22:07:43.781Z,2ec59fc9522059b44a23c3a62e6926a48311e8c1,1337,500,24,24560024,0xDf37F81dAAD2b0327A0A50003740e1C935C70913,25,true,0,0,(khong),16,2
off-chain (ADV),2026-09-12T22:07:43.781Z,2ec59fc9522059b44a23c3a62e6926a48311e8c1,1337,500,25,24560025,0x553BC17A05702530097c3677091C5BB47a3a7931,26,true,0,0,(khong),16,2
off-chain (ADV),2026-09-12T22:07:43.781Z,2ec59fc9522059b44a23c3a62e6926a48311e8c1,1337,500,26,24560026,0x87BdCE72c06C21cd96219BD8521bDF1F42C78b5e,27,true,0,0,(khong),16,2
off-chain (ADV),2026-09-12T22:07:43.781Z,2ec59fc9522059b44a23c3a62e6926a48311e8c1,1337,500,27,24560027,0x40Fc963A729c542424cD800349a7E4Ecc4896624,28,true,0,0,(khong),16,2
off-chain (ADV),2026-09-12T22:07:43.781Z,2ec59fc9522059b44a23c3a62e6926a48311e8c1,1337,500,28,24560028,0x9DCCe783B6464611f38631e6C851bf441907c710,29,true,0,0,(khong),16,2
off-chain (ADV),2026-09-12T22:07:43.781Z,2ec59fc9522059b44a23c3a62e6926a48311e8c1,1337,500,29,24560029,0x1BcB8e569EedAb4668e55145Cfeaf190902d3CF2,30,true,0,0,(khong),16,2
off-chain (ADV),2026-09-12T22:07:43.781Z,2ec59fc9522059b44a23c3a62e6926a48311e8c1,1337,500,30,24560030,0x8263Fce86B1b78F95Ab4dae11907d8AF88f841e7,31,true,0,0,(khong),16,2
off-chain (ADV),2026-09-12T22:07:43.781Z,2ec59fc9522059b44a23c3a62e6926a48311e8c1,1337,500,31,24560031,0xcF2d5b3cBb4D7bF04e3F7bFa8e27081B52191f91,32,true,0,0,(khong),16,2
off-chain (ADV),2026-09-12T22:07:43.781Z,2ec59fc9522059b44a23c3a62e6926a48311e8c1,1337,500,32,24560032,0x86c53Eb85D0B7548fea5C4B4F82b4205C8f6Ac18,33,true,0,0,(khong),16,2
off-chain (ADV),2026-09-12T22:07:43.781Z,2ec59fc9522059b44a23c3a62e6926a48311e8c1,1337,500,33,24560033,0x1aac82773CB722166D7dA0d5b0FA35B0307dD99D,34,true,0,0,(khong),16,2
off-chain (ADV),2026-09-12T22:07:43.781Z,2ec59fc9522059b44a23c3a62e6926a48311e8c1,1337,500,34,24560034,0x2f4f06d218E426344CFE1A83D53dAd806994D325,35,true,0,0,(khong),16,2
off-chain (ADV),2026-09-12T22:07:43.781Z,2ec59fc9522059b44a23c3a62e6926a48311e8c1,1337,500,35,24560035,0x1003ff39d25F2Ab16dBCc18EcE05a9B6154f65F4,36,true,0,0,(khong),16,2
off-chain (ADV),2026-09-12T22:07:43.781Z,2ec59fc9522059b44a23c3a62e6926a48311e8c1,1337,500,36,24560036,0x9eAF5590f2c84912A08de97FA28d0529361Deb9E,37,true,0,0,(khong),16,2
off-chain (ADV),2026-09-12T22:07:43.781Z,2ec59fc9522059b44a23c3a62e6926a48311e8c1,1337,500,37,24560037,0x11e8F3eA3C6FcF12EcfF2722d75CEFC539c51a1C,38,true,0,0,(khong),16,2
off-chain (ADV),2026-09-12T22:07:43.781Z,2ec59fc9522059b44a23c3a62e6926a48311e8c1,1337,500,38,24560038,0x7D86687F980A56b832e9378952B738b614A99dc6,39,true,0,0,(khong),16,2
off-chain (ADV),2026-09-12T22:07:43.781Z,2ec59fc9522059b44a23c3a62e6926a48311e8c1,1337,500,39,24560039,0x9eF6c02FB2ECc446146E05F1fF687a788a8BF76d,40,true,0,0,(khong),16,2
off-chain (ADV),2026-09-12T22:07:43.781Z,2ec59fc9522059b44a23c3a62e6926a48311e8c1,1337,500,40,24560040,0x08A2DE6F3528319123b25935C92888B16db8913E,41,true,0,0,(khong),16,2
off-chain (ADV),2026-09-12T22:07:43.781Z,2ec59fc9522059b44a23c3a62e6926a48311e8c1,1337,500,41,24560041,0xe141C82D99D85098e03E1a1cC1CdE676556fDdE0,42,true,0,0,(khong),16,2
off-chain (ADV),2026-09-12T22:07:43.781Z,2ec59fc9522059b44a23c3a62e6926a48311e8c1,1337,500,42,24560042,0x4b23D303D9e3719D6CDf8d172Ea030F80509ea15,43,true,0,0,(khong),16,2
off-chain (ADV),2026-09-12T22:07:43.781Z,2ec59fc9522059b44a23c3a62e6926a48311e8c1,1337,500,43,24560043,0xC004e69C5C04A223463Ff32042dd36DabF63A25a,44,true,0,0,(khong),16,2
off-chain (ADV),2026-09-12T22:07:43.781Z,2ec59fc9522059b44a23c3a62e6926a48311e8c1,1337,500,44,24560044,0x5eb15C0992734B5e77c888D713b4FC67b3D679A2,45,true,0,0,(khong),16,2
off-chain (ADV),2026-09-12T22:07:43.781Z,2ec59fc9522059b44a23c3a62e6926a48311e8c1,1337,500,45,24560045,0x7Ebb637fd68c523613bE51aad27C35C4DB199B9c,46,true,0,0,(khong),16,2
off-chain (ADV),2026-09-12T22:07:43.781Z,2ec59fc9522059b44a23c3a62e6926a48311e8c1,1337,500,46,24560046,0x3c3E2E178C69D4baD964568415a0f0c84fd6320A,47,true,0,0,(khong),16,2
off-chain (ADV),2026-09-12T22:07:43.781Z,2ec59fc9522059b44a23c3a62e6926a48311e8c1,1337,500,47,24560047,0x35304262b9E87C00c430149f28dD154995d01207,48,true,0,0,(khong),16,2
off-chain (ADV),2026-09-12T22:07:43.781Z,2ec59fc9522059b44a23c3a62e6926a48311e8c1,1337,500,48,24560048,0xD4A1E660C916855229e1712090CcfD8a424A2E33,49,true,0,0,(khong),16,2
off-chain (ADV),2026-09-12T22:07:43.781Z,2ec59fc9522059b44a23c3a62e6926a48311e8c1,1337,500,49,24560049,0xEe7f6A930B29d7350498Af97f0F9672EaecbeeFf,50,true,0,0,(khong),16,2
off-chain (ADV),2026-09-12T22:07:43.781Z,2ec59fc9522059b44a23c3a62e6926a48311e8c1,1337,500,50,24560050,0x145e2dc5C8238d1bE628F87076A37d4a26a78544,51,true,0,0,(khong),16,2
off-chain (ADV),2026-09-12T22:07:43.781Z,2ec59fc9522059b44a23c3a62e6926a48311e8c1,1337,500,51,24560051,0xD6A098EbCc5f8Bd4e174D915C54486B077a34A51,52,true,0,0,(khong),16,2
off-chain (ADV),2026-09-12T22:07:43.781Z,2ec59fc9522059b44a23c3a62e6926a48311e8c1,1337,500,52,24560052,0x042a63149117602129B6922ecFe3111168C2C323,53,true,0,0,(khong),16,2
off-chain (ADV),2026-09-12T22:07:43.781Z,2ec59fc9522059b44a23c3a62e6926a48311e8c1,1337,500,53,24560053,0xa0EC9eE47802CeB56eb58ce80F3E41630B771b04,54,true,0,0,(khong),16,2
off-chain (ADV),2026-09-12T22:07:43.781Z,2ec59fc9522059b44a23c3a62e6926a48311e8c1,1337,500,54,24560054,0xe8B1ff302A740fD2C6e76B620d45508dAEc2DDFf,55,true,0,0,(khong),16,2
off-chain (ADV),2026-09-12T22:07:43.781Z,2ec59fc9522059b44a23c3a62e6926a48311e8c1,1337,500,55,24560055,0xAb707cb80e7de7C75d815B1A653433F3EEc44c74,56,true,0,0,(khong),16,2
off-chain (ADV),2026-09-12T22:07:43.781Z,2ec59fc9522059b44a23c3a62e6926a48311e8c1,1337,500,56,24560056,0x0d803cdeEe5990f22C2a8DF10A695D2312dA26CC,57,true,0,0,(khong),16,2
off-chain (ADV),2026-09-12T22:07:43.781Z,2ec59fc9522059b44a23c3a62e6926a48311e8c1,1337,500,57,24560057,0x1c87Bb9234aeC6aDc580EaE6C8B59558A4502220,58,true,0,0,(khong),16,2
off-chain (ADV),2026-09-12T22:07:43.781Z,2ec59fc9522059b44a23c3a62e6926a48311e8c1,1337,500,58,24560058,0x4779d18931B35540F84b0cd0e9633855B84df7b8,59,true,0,0,(khong),16,2
off-chain (ADV),2026-09-12T22:07:43.781Z,2ec59fc9522059b44a23c3a62e6926a48311e8c1,1337,500,59,24560059,0xC0543b0b980D8c834CBdF023b2d2A75b5f9D1909,60,true,0,0,(khong),16,2
off-chain (ADV),2026-09-12T22:07:43.781Z,2ec59fc9522059b44a23c3a62e6926a48311e8c1,1337,500,60,24560060,0x73B3074ac649A8dc31c2C90a124469456301a30F,61,true,0,0,(khong),16,2
off-chain (ADV),2026-09-12T22:07:43.781Z,2ec59fc9522059b44a23c3a62e6926a48311e8c1,1337,500,61,24560061,0x265188114EB5d5536BC8654d8e9710FE72C28c4d,62,true,0,0,(khong),16,2
off-chain (ADV),2026-09-12T22:07:43.781Z,2ec59fc9522059b44a23c3a62e6926a48311e8c1,1337,500,62,24560062,0x924Ba5Ce9f91ddED37b4ebf8c0dc82A40202fc0A,63,true,0,0,(khong),16,2
off-chain (ADV),2026-09-12T22:07:43.781Z,2ec59fc9522059b44a23c3a62e6926a48311e8c1,1337,500,63,24560063,0x64492E25C30031EDAD55E57cEA599CDB1F06dad1,64,true,0,0,(khong),16,2
off-chain (ADV),2026-09-12T22:07:43.781Z,2ec59fc9522059b44a23c3a62e6926a48311e8c1,1337,500,64,24560064,0x262595fa2a3A86adACDe208589614d483e3eF1C0,65,true,0,0,(khong),16,2
off-chain (ADV),2026-09-12T22:07:43.781Z,2ec59fc9522059b44a23c3a62e6926a48311e8c1,1337,500,65,24560065,0xDFd99099Fa13541a64AEe9AAd61c0dbf3D32D492,66,true,0,0,(khong),16,2
off-chain (ADV),2026-09-12T22:07:43.781Z,2ec59fc9522059b44a23c3a62e6926a48311e8c1,1337,500,66,24560066,0x63c3686EF31C03a641e2Ea8993A91Ea351e5891a,67,true,0,0,(khong),16,2
off-chain (ADV),2026-09-12T22:07:43.781Z,2ec59fc9522059b44a23c3a62e6926a48311e8c1,1337,500,67,24560067,0x9394cb5f737Bd3aCea7dcE90CA48DBd42801EE5d,68,true,0,0,(khong),16,2
off-chain (ADV),2026-09-12T22:07:43.781Z,2ec59fc9522059b44a23c3a62e6926a48311e8c1,1337,500,68,24560068,0x344dca30F5c5f74F2f13Dc1d48Ad3A9069d13Ad9,69,true,0,0,(khong),16,2
off-chain (ADV),2026-09-12T22:07:43.781Z,2ec59fc9522059b44a23c3a62e6926a48311e8c1,1337,500,69,24560069,0xF23E054D8b4D0BECFa22DeEF5632F27f781f8bf5,70,true,0,0,(khong),16,2
off-chain (ADV),2026-09-12T22:07:43.781Z,2ec59fc9522059b44a23c3a62e6926a48311e8c1,1337,500,70,24560070,0x6d69F301d1Da5C7818B5e61EECc745b30179C68b,71,true,0,0,(khong),16,2
off-chain (ADV),2026-09-12T22:07:43.781Z,2ec59fc9522059b44a23c3a62e6926a48311e8c1,1337,500,71,24560071,0xF0cE7BaB13C99bA0565f426508a7CD8f4C247E5a,72,true,0,0,(khong),16,2
off-chain (ADV),2026-09-12T22:07:43.781Z,2ec59fc9522059b44a23c3a62e6926a48311e8c1,1337,500,72,24560072,0x011bD5423C5F77b5a0789E27f922535fd76B688F,73,true,0,0,(khong),16,2
off-chain (ADV),2026-09-12T22:07:43.781Z,2ec59fc9522059b44a23c3a62e6926a48311e8c1,1337,500,73,24560073,0xD9065f27e9b706E5F7628e067cC00B288dddbF19,74,true,0,0,(khong),16,2
off-chain (ADV),2026-09-12T22:07:43.781Z,2ec59fc9522059b44a23c3a62e6926a48311e8c1,1337,500,74,24560074,0x54ccCeB38251C29b628ef8B00b3cAB97e7cAc7D5,75,true,0,0,(khong),16,2
off-chain (ADV),2026-09-12T22:07:43.781Z,2ec59fc9522059b44a23c3a62e6926a48311e8c1,1337,500,75,24560075,0xA1196426b41627ae75Ea7f7409E074BE97367da2,76,true,0,0,(khong),16,2
off-chain (ADV),2026-09-12T22:07:43.781Z,2ec59fc9522059b44a23c3a62e6926a48311e8c1,1337,500,76,24560076,0xE74cEf90b6CF1a77FEfAd731713e6f53e575C183,77,true,0,0,(khong),16,2
off-chain (ADV),2026-09-12T22:07:43.781Z,2ec59fc9522059b44a23c3a62e6926a48311e8c1,1337,500,77,24560077,0x7Df8Efa6d6F1CB5C4f36315e0AcB82b02Ae8BA40,78,true,0,0,(khong),16,2
off-chain (ADV),2026-09-12T22:07:43.781Z,2ec59fc9522059b44a23c3a62e6926a48311e8c1,1337,500,78,24560078,0x9E126C57330FA71556628e0aabd6B6B6783d99fA,79,true,0,0,(khong),16,2
off-chain (ADV),2026-09-12T22:07:43.781Z,2ec59fc9522059b44a23c3a62e6926a48311e8c1,1337,500,79,24560079,0x586BA39027A74e8D40E6626f89Ae97bA7f616644,80,true,0,0,(khong),16,2
off-chain (ADV),2026-09-12T22:07:43.781Z,2ec59fc9522059b44a23c3a62e6926a48311e8c1,1337,500,80,24560080,0x9A50ed082Cf2fc003152580dcDB320B834fA379E,81,true,0,0,(khong),16,2
off-chain (ADV),2026-09-12T22:07:43.781Z,2ec59fc9522059b44a23c3a62e6926a48311e8c1,1337,500,81,24560081,0xbc8183bac3E969042736f7af07f76223D11D2148,82,true,0,0,(khong),16,2
off-chain (ADV),2026-09-12T22:07:43.781Z,2ec59fc9522059b44a23c3a62e6926a48311e8c1,1337,500,82,24560082,0x586aF62EAe7F447D14D25f53918814e04d3A5BA4,83,true,0,0,(khong),16,2
off-chain (ADV),2026-09-12T22:07:43.781Z,2ec59fc9522059b44a23c3a62e6926a48311e8c1,1337,500,83,24560083,0xCcDd262f272Ee6C226266eEa13eE48D4d932Ce66,84,true,0,0,(khong),16,2
off-chain (ADV),2026-09-12T22:07:43.781Z,2ec59fc9522059b44a23c3a62e6926a48311e8c1,1337,500,84,24560084,0xF0eeDDC5e015d4c459590E01Dcc2f2FD1d2baac7,85,true,0,0,(khong),16,2
off-chain (ADV),2026-09-12T22:07:43.781Z,2ec59fc9522059b44a23c3a62e6926a48311e8c1,1337,500,85,24560085,0x4edFEDFf17ab9642F8464D6143900903dD21421a,86,true,0,0,(khong),16,2
off-chain (ADV),2026-09-12T22:07:43.781Z,2ec59fc9522059b44a23c3a62e6926a48311e8c1,1337,500,86,24560086,0x492C973C16E8aeC46f4d71716E91b05B245377C9,87,true,0,0,(khong),16,2
off-chain (ADV),2026-09-12T22:07:43.781Z,2ec59fc9522059b44a23c3a62e6926a48311e8c1,1337,500,87,24560087,0xE5D3ab6883b7e8c35c04675F28BB992Ca1129ee4,88,true,0,0,(khong),16,2
off-chain (ADV),2026-09-12T22:07:43.781Z,2ec59fc9522059b44a23c3a62e6926a48311e8c1,1337,500,88,24560088,0x71F280DEA6FC5a03790941Ad72956f545FeB7a52,89,true,0,0,(khong),16,2
off-chain (ADV),2026-09-12T22:07:43.781Z,2ec59fc9522059b44a23c3a62e6926a48311e8c1,1337,500,89,24560089,0xE77478D9E136D3643cFc6fef578Abf63F9Ab91B1,90,true,0,0,(khong),16,2
off-chain (ADV),2026-09-12T22:07:43.781Z,2ec59fc9522059b44a23c3a62e6926a48311e8c1,1337,500,90,24560090,0x6C8EA11559DFE79Ae3dBDD6A67b47F61b929398f,91,true,0,0,(khong),16,2
off-chain (ADV),2026-09-12T22:07:43.781Z,2ec59fc9522059b44a23c3a62e6926a48311e8c1,1337,500,91,24560091,0x48fA7b63049A6F4E7316EB2D9c5BDdA8933BCA2f,92,true,0,0,(khong),16,2
off-chain (ADV),2026-09-12T22:07:43.781Z,2ec59fc9522059b44a23c3a62e6926a48311e8c1,1337,500,92,24560092,0x16aDfbeFdEfD488C992086D472A4CA577a0e5e54,93,true,0,0,(khong),16,2
off-chain (ADV),2026-09-12T22:07:43.781Z,2ec59fc9522059b44a23c3a62e6926a48311e8c1,1337,500,93,24560093,0x225356FF5d64889D7364Be2c990f93a66298Ee8D,94,true,0,0,(khong),16,2
off-chain (ADV),2026-09-12T22:07:43.781Z,2ec59fc9522059b44a23c3a62e6926a48311e8c1,1337,500,94,24560094,0xcBDc0F9a4C38f1e010bD3B6e43598A55D1868c23,95,true,0,0,(khong),16,2
off-chain (ADV),2026-09-12T22:07:43.781Z,2ec59fc9522059b44a23c3a62e6926a48311e8c1,1337,500,95,24560095,0xBc5BdceE96b1BC47822C74e6f64186fbA7d686be,96,true,0,0,(khong),16,2
off-chain (ADV),2026-09-12T22:07:43.781Z,2ec59fc9522059b44a23c3a62e6926a48311e8c1,1337,500,96,24560096,0x0536896a5e38BbD59F3F369FF3682677965aBD19,97,true,0,0,(khong),16,2
off-chain (ADV),2026-09-12T22:07:43.781Z,2ec59fc9522059b44a23c3a62e6926a48311e8c1,1337,500,97,24560097,0xFE0f143FcAD5B561b1eD2AC960278A2F23559Ef9,98,true,0,0,(khong),16,2
off-chain (ADV),2026-09-12T22:07:43.781Z,2ec59fc9522059b44a23c3a62e6926a48311e8c1,1337,500,98,24560098,0x98D08079928FcCB30598c6C6382ABfd7dbFaA1cD,99,true,0,0,(khong),16,2
off-chain (ADV),2026-09-12T22:07:43.781Z,2ec59fc9522059b44a23c3a62e6926a48311e8c1,1337,500,99,24560099,0x8C3229EC621644789d7F61FAa82c6d0E5F97d43D,100,true,0,0,(khong),16,2
off-chain (ADV),2026-09-12T22:07:43.781Z,2ec59fc9522059b44a23c3a62e6926a48311e8c1,1337,500,100,24560100,0x9586A4833970847aef259aD5BFB7aa8901DDf746,101,true,0,0,(khong),16,2
off-chain (ADV),2026-09-12T22:07:43.781Z,2ec59fc9522059b44a23c3a62e6926a48311e8c1,1337,500,101,24560101,0x0e9971c0005D91336c1441b8F03c1C4fe5FB4584,102,true,0,0,(khong),16,2
off-chain (ADV),2026-09-12T22:07:43.781Z,2ec59fc9522059b44a23c3a62e6926a48311e8c1,1337,500,102,24560102,0xC4c81D5C1851702d27d602aA8ff830A7689F17cc,103,true,0,0,(khong),16,2
off-chain (ADV),2026-09-12T22:07:43.781Z,2ec59fc9522059b44a23c3a62e6926a48311e8c1,1337,500,103,24560103,0x9c79357189d6aF261691ECF48de9A6bbF30438Fc,104,true,0,0,(khong),16,2
off-chain (ADV),2026-09-12T22:07:43.781Z,2ec59fc9522059b44a23c3a62e6926a48311e8c1,1337,500,104,24560104,0xd96Eb0f2e106eA7c0a939e9C460a17ace65FeCFF,105,true,0,0,(khong),16,2
off-chain (ADV),2026-09-12T22:07:43.781Z,2ec59fc9522059b44a23c3a62e6926a48311e8c1,1337,500,105,24560105,0x4548774216F19914493d051481FEb56246bC13f0,106,true,0,0,(khong),16,2
off-chain (ADV),2026-09-12T22:07:43.781Z,2ec59fc9522059b44a23c3a62e6926a48311e8c1,1337,500,106,24560106,0xFdAA62Ea18331AFA45CC78b44DBa58d809EaB80e,107,true,0,0,(khong),16,2
off-chain (ADV),2026-09-12T22:07:43.781Z,2ec59fc9522059b44a23c3a62e6926a48311e8c1,1337,500,107,24560107,0x7D19cEa5598AccbBF0005A8EB8ed6A02C6F8aB84,108,true,0,0,(khong),16,2
off-chain (ADV),2026-09-12T22:07:43.781Z,2ec59fc9522059b44a23c3a62e6926a48311e8c1,1337,500,108,24560108,0xEaBd5094570298Ffd24e93E7af378162884611cb,109,true,0,0,(khong),16,2
off-chain (ADV),2026-09-12T22:07:43.781Z,2ec59fc9522059b44a23c3a62e6926a48311e8c1,1337,500,109,24560109,0x51953940F874eFa94F92EB2d6Aed023617A07222,110,true,0,0,(khong),16,2
off-chain (ADV),2026-09-12T22:07:43.781Z,2ec59fc9522059b44a23c3a62e6926a48311e8c1,1337,500,110,24560110,0x6813ae1FC15E995230C05D4480d50219Bb635F15,111,true,0,0,(khong),16,2
off-chain (ADV),2026-09-12T22:07:43.781Z,2ec59fc9522059b44a23c3a62e6926a48311e8c1,1337,500,111,24560111,0x11c9CFEc77102a7C903a2D2319c79E7b0BBC9235,112,true,0,0,(khong),16,2
off-chain (ADV),2026-09-12T22:07:43.781Z,2ec59fc9522059b44a23c3a62e6926a48311e8c1,1337,500,112,24560112,0xBE9086f1A38740F297F6347B531732541289b220,113,true,0,0,(khong),16,2
off-chain (ADV),2026-09-12T22:07:43.781Z,2ec59fc9522059b44a23c3a62e6926a48311e8c1,1337,500,113,24560113,0xD4Db664B707353422b1Ffc94038cDD0a7D074D51,114,true,0,0,(khong),16,2
off-chain (ADV),2026-09-12T22:07:43.781Z,2ec59fc9522059b44a23c3a62e6926a48311e8c1,1337,500,114,24560114,0x11Ba29fE987adDFa480FfEcf3d98B26630917a78,115,true,0,0,(khong),16,2
off-chain (ADV),2026-09-12T22:07:43.781Z,2ec59fc9522059b44a23c3a62e6926a48311e8c1,1337,500,115,24560115,0xFFd57510605b4F47A58576ccC059aB8882C7eA00,116,true,0,0,(khong),16,2
off-chain (ADV),2026-09-12T22:07:43.781Z,2ec59fc9522059b44a23c3a62e6926a48311e8c1,1337,500,116,24560116,0x83781Cf2371117aAc856621805FB83c9ca439BAd,117,true,0,0,(khong),16,2
off-chain (ADV),2026-09-12T22:07:43.781Z,2ec59fc9522059b44a23c3a62e6926a48311e8c1,1337,500,117,24560117,0x2Bac2e5a4f39c32eD16205591Ba26e307414cA9E,118,true,0,0,(khong),16,2
off-chain (ADV),2026-09-12T22:07:43.781Z,2ec59fc9522059b44a23c3a62e6926a48311e8c1,1337,500,118,24560118,0x8D86EF40df93B1b3822bf996B972bA53E79C07c9,119,true,0,0,(khong),16,2
off-chain (ADV),2026-09-12T22:07:43.781Z,2ec59fc9522059b44a23c3a62e6926a48311e8c1,1337,500,119,24560119,0xc9DB8bec097C2CbdcE109e03A36f98a87E04ffEf,120,true,0,0,(khong),16,2
off-chain (ADV),2026-09-12T22:07:43.781Z,2ec59fc9522059b44a23c3a62e6926a48311e8c1,1337,500,120,24560120,0x925EB78bEb9a84cf88dc92DF5f2FE7bF33b40104,121,true,0,0,(khong),16,2
off-chain (ADV),2026-09-12T22:07:43.781Z,2ec59fc9522059b44a23c3a62e6926a48311e8c1,1337,500,121,24560121,0x5061a633977476e18B99423Ac51C6Df50621a597,122,true,0,0,(khong),16,2
off-chain (ADV),2026-09-12T22:07:43.781Z,2ec59fc9522059b44a23c3a62e6926a48311e8c1,1337,500,122,24560122,0x46655f18cC741152515f0d843AD4355b4AD23377,123,true,0,0,(khong),16,2
off-chain (ADV),2026-09-12T22:07:43.781Z,2ec59fc9522059b44a23c3a62e6926a48311e8c1,1337,500,123,24560123,0x012af9b68f94FE212705B708Cb69b53508D522a2,124,true,0,0,(khong),16,2
off-chain (ADV),2026-09-12T22:07:43.781Z,2ec59fc9522059b44a23c3a62e6926a48311e8c1,1337,500,124,24560124,0x87194239f32f33d74C99B2545032623B32e3F795,125,true,0,0,(khong),16,2
off-chain (ADV),2026-09-12T22:07:43.781Z,2ec59fc9522059b44a23c3a62e6926a48311e8c1,1337,500,125,24560125,0x0149aF4613AA457765d23a38D62685a9623AEf35,126,true,0,0,(khong),16,2
off-chain (ADV),2026-09-12T22:07:43.781Z,2ec59fc9522059b44a23c3a62e6926a48311e8c1,1337,500,126,24560126,0xBCcA9EcB933Db2481111102E73c61C7c7C4e2366,127,true,0,0,(khong),16,2
off-chain (ADV),2026-09-12T22:07:43.781Z,2ec59fc9522059b44a23c3a62e6926a48311e8c1,1337,500,127,24560127,0x20a6250c2cb9B6828ce0B16e09B950E7d0d0556d,128,true,0,0,(khong),16,2
off-chain (ADV),2026-09-12T22:07:43.781Z,2ec59fc9522059b44a23c3a62e6926a48311e8c1,1337,500,128,24560128,0x99F25BC68A4a0D6c9fCaA795d6f8cA738468f679,129,true,0,0,(khong),16,2
off-chain (ADV),2026-09-12T22:07:43.781Z,2ec59fc9522059b44a23c3a62e6926a48311e8c1,1337,500,129,24560129,0x2c7D914a1801242017Bd00aBC5A02452e1305C63,130,true,0,0,(khong),16,2
off-chain (ADV),2026-09-12T22:07:43.781Z,2ec59fc9522059b44a23c3a62e6926a48311e8c1,1337,500,130,24560130,0x5a3A245E0523B2728ec8D914358E33671e27872d,131,true,0,0,(khong),16,2
off-chain (ADV),2026-09-12T22:07:43.781Z,2ec59fc9522059b44a23c3a62e6926a48311e8c1,1337,500,131,24560131,0x3E13F655ce1CBC382e3e09b17266f5Ca1326F567,132,true,0,0,(khong),16,2
off-chain (ADV),2026-09-12T22:07:43.781Z,2ec59fc9522059b44a23c3a62e6926a48311e8c1,1337,500,132,24560132,0x148B4D43A550d74b82eA435dA0007a7B1048D714,133,true,0,0,(khong),16,2
off-chain (ADV),2026-09-12T22:07:43.781Z,2ec59fc9522059b44a23c3a62e6926a48311e8c1,1337,500,133,24560133,0xC8014C948758904edbeAD506B08941919261561B,134,true,0,0,(khong),16,2
off-chain (ADV),2026-09-12T22:07:43.781Z,2ec59fc9522059b44a23c3a62e6926a48311e8c1,1337,500,134,24560134,0x09bE20D14fc2BAb7bA84984c5AEBd43b6a37D36E,135,true,0,0,(khong),16,2
off-chain (ADV),2026-09-12T22:07:43.781Z,2ec59fc9522059b44a23c3a62e6926a48311e8c1,1337,500,135,24560135,0x527601C75277B9823fe4eb7D95Bf34da6C0C602b,136,true,0,0,(khong),16,2
off-chain (ADV),2026-09-12T22:07:43.781Z,2ec59fc9522059b44a23c3a62e6926a48311e8c1,1337,500,136,24560136,0xf88c5937F7EcE778c39cE149E9A863043Ec8Cb9C,137,true,0,0,(khong),16,2
off-chain (ADV),2026-09-12T22:07:43.781Z,2ec59fc9522059b44a23c3a62e6926a48311e8c1,1337,500,137,24560137,0xb938cfBDB5F0B5eFEA6E4e18e39390BfEeb47722,138,true,0,0,(khong),16,2
off-chain (ADV),2026-09-12T22:07:43.781Z,2ec59fc9522059b44a23c3a62e6926a48311e8c1,1337,500,138,24560138,0x902D6954691BC8f78202B84bcec7fc0cee8FC83E,139,true,0,0,(khong),16,2
off-chain (ADV),2026-09-12T22:07:43.781Z,2ec59fc9522059b44a23c3a62e6926a48311e8c1,1337,500,139,24560139,0xb24e6C5d01d14be3918ed712aCe1b2f7F2Bef53a,140,true,0,0,(khong),16,2
off-chain (ADV),2026-09-12T22:07:43.781Z,2ec59fc9522059b44a23c3a62e6926a48311e8c1,1337,500,140,24560140,0xFaF513321611B74ca918dF250d6ac38d43ab57f8,141,true,0,0,(khong),16,2
off-chain (ADV),2026-09-12T22:07:43.781Z,2ec59fc9522059b44a23c3a62e6926a48311e8c1,1337,500,141,24560141,0xA576e67c260B90f667E136AF1BEB9513859c6dC2,142,true,0,0,(khong),16,2
off-chain (ADV),2026-09-12T22:07:43.781Z,2ec59fc9522059b44a23c3a62e6926a48311e8c1,1337,500,142,24560142,0x110958850E5bfe54CeBA0a87b1cF7671c501dA95,143,true,0,0,(khong),16,2
off-chain (ADV),2026-09-12T22:07:43.781Z,2ec59fc9522059b44a23c3a62e6926a48311e8c1,1337,500,143,24560143,0x0d56282A479497840F27CE4e248616BBdBAFF881,144,true,0,0,(khong),16,2
off-chain (ADV),2026-09-12T22:07:43.781Z,2ec59fc9522059b44a23c3a62e6926a48311e8c1,1337,500,144,24560144,0x7F70da265d37eDCD337b0Df314C3E2208371dDA9,145,true,0,0,(khong),16,2
off-chain (ADV),2026-09-12T22:07:43.781Z,2ec59fc9522059b44a23c3a62e6926a48311e8c1,1337,500,145,24560145,0x09C1E3F7d9b6070eeB26Ac74Df33cCe0C5d858f5,146,true,0,0,(khong),16,2
off-chain (ADV),2026-09-12T22:07:43.781Z,2ec59fc9522059b44a23c3a62e6926a48311e8c1,1337,500,146,24560146,0x00297d0b6404D57C0fa9a3D3a6998Ef28623444B,147,true,0,0,(khong),16,2
off-chain (ADV),2026-09-12T22:07:43.781Z,2ec59fc9522059b44a23c3a62e6926a48311e8c1,1337,500,147,24560147,0x50a7E8CBecaa992ff5b77289Ae3227C9F2cABd9c,148,true,0,0,(khong),16,2
off-chain (ADV),2026-09-12T22:07:43.781Z,2ec59fc9522059b44a23c3a62e6926a48311e8c1,1337,500,148,24560148,0x838D1153557025efb2867d12b2AdFe151aC41693,149,true,0,0,(khong),16,2
off-chain (ADV),2026-09-12T22:07:43.781Z,2ec59fc9522059b44a23c3a62e6926a48311e8c1,1337,500,149,24560149,0x280b23F871E8679970CeC204Bc67d19840CEfeD0,150,true,0,0,(khong),16,2
off-chain (ADV),2026-09-12T22:07:43.781Z,2ec59fc9522059b44a23c3a62e6926a48311e8c1,1337,500,150,24560150,0x5F5622BaBB2c7cD60867Ca41aC86122Abb561449,151,true,0,0,(khong),16,2
off-chain (ADV),2026-09-12T22:07:43.781Z,2ec59fc9522059b44a23c3a62e6926a48311e8c1,1337,500,151,24560151,0xD597A7E5D9eee71843B25347f9091E42Db30C2D2,152,true,0,0,(khong),16,2
off-chain (ADV),2026-09-12T22:07:43.781Z,2ec59fc9522059b44a23c3a62e6926a48311e8c1,1337,500,152,24560152,0x100dD58b96152C9d99232920c97a7de1238d3043,153,true,0,0,(khong),16,2
off-chain (ADV),2026-09-12T22:07:43.781Z,2ec59fc9522059b44a23c3a62e6926a48311e8c1,1337,500,153,24560153,0xE8dFC1532693FF0AeFe7BEE264289806deAB3Fe3,154,true,0,0,(khong),16,2
off-chain (ADV),2026-09-12T22:07:43.781Z,2ec59fc9522059b44a23c3a62e6926a48311e8c1,1337,500,154,24560154,0x865cF0101F6E34D47a9A4EEB0d39a5dC8fAEd566,155,true,0,0,(khong),16,2
off-chain (ADV),2026-09-12T22:07:43.781Z,2ec59fc9522059b44a23c3a62e6926a48311e8c1,1337,500,155,24560155,0xFae5D89c5b24B1Fb8B86ED9656558CD980d01C43,156,true,0,0,(khong),16,2
off-chain (ADV),2026-09-12T22:07:43.781Z,2ec59fc9522059b44a23c3a62e6926a48311e8c1,1337,500,156,24560156,0x50FC8E8d9b5E9D3DF14919c1Df634b0F2311538A,157,true,0,0,(khong),16,2
off-chain (ADV),2026-09-12T22:07:43.781Z,2ec59fc9522059b44a23c3a62e6926a48311e8c1,1337,500,157,24560157,0x1848543e04A38dF7dEEf7Dfd346eFFb4f059a849,158,true,0,0,(khong),16,2
off-chain (ADV),2026-09-12T22:07:43.781Z,2ec59fc9522059b44a23c3a62e6926a48311e8c1,1337,500,158,24560158,0x80B8494D411e67c830C34c72B2aadf4D405AbDf0,159,true,0,0,(khong),16,2
off-chain (ADV),2026-09-12T22:07:43.781Z,2ec59fc9522059b44a23c3a62e6926a48311e8c1,1337,500,159,24560159,0x3961e9553D9E7aae3B6b497F92966a46D467C823,160,true,0,0,(khong),16,2
off-chain (ADV),2026-09-12T22:07:43.781Z,2ec59fc9522059b44a23c3a62e6926a48311e8c1,1337,500,160,24560160,0xd62Dc0f62c5c3b98c75ce130E78A5Bdc0021daD8,161,true,0,0,(khong),16,2
off-chain (ADV),2026-09-12T22:07:43.781Z,2ec59fc9522059b44a23c3a62e6926a48311e8c1,1337,500,161,24560161,0xba2Ef8C82FdF88ac9ca4163b7cAb1A0628d6b936,162,true,0,0,(khong),16,2
off-chain (ADV),2026-09-12T22:07:43.781Z,2ec59fc9522059b44a23c3a62e6926a48311e8c1,1337,500,162,24560162,0xE15B6c968d11723E5454894946DCF78E9eF18D42,163,true,0,0,(khong),16,2
off-chain (ADV),2026-09-12T22:07:43.781Z,2ec59fc9522059b44a23c3a62e6926a48311e8c1,1337,500,163,24560163,0xb65aD69852c853f323e5EEF1bf8a1Fb4C77E4765,164,true,0,0,(khong),16,2
off-chain (ADV),2026-09-12T22:07:43.781Z,2ec59fc9522059b44a23c3a62e6926a48311e8c1,1337,500,164,24560164,0x1ac9A50e9AaBadBede678a65D32F7cf58F2c1d85,165,true,0,0,(khong),16,2
off-chain (ADV),2026-09-12T22:07:43.781Z,2ec59fc9522059b44a23c3a62e6926a48311e8c1,1337,500,165,24560165,0x7233f2a928ED28AFb4A323BeCCE6F59712233A77,166,true,0,0,(khong),16,2
off-chain (ADV),2026-09-12T22:07:43.781Z,2ec59fc9522059b44a23c3a62e6926a48311e8c1,1337,500,166,24560166,0x88709c5A505d024368144D0Aa5e142ce238962cf,167,true,0,0,(khong),16,2
off-chain (ADV),2026-09-12T22:07:43.781Z,2ec59fc9522059b44a23c3a62e6926a48311e8c1,1337,500,167,24560167,0x0d3C1E9bb0DfDf2ebe674f3ee0C00E944C53FDAb,168,true,0,0,(khong),16,2
off-chain (ADV),2026-09-12T22:07:43.781Z,2ec59fc9522059b44a23c3a62e6926a48311e8c1,1337,500,168,24560168,0x62953a71c4d29c602F88c456e91a5f7Eecf7fcDE,169,true,0,0,(khong),16,2
off-chain (ADV),2026-09-12T22:07:43.781Z,2ec59fc9522059b44a23c3a62e6926a48311e8c1,1337,500,169,24560169,0x4d24dBC55231CEAF86b87F6cA71167bd94577936,170,true,0,0,(khong),16,2
off-chain (ADV),2026-09-12T22:07:43.781Z,2ec59fc9522059b44a23c3a62e6926a48311e8c1,1337,500,170,24560170,0x90c416e481f9944dd7afE0aA0e78e16780580bAC,171,true,0,0,(khong),16,2
off-chain (ADV),2026-09-12T22:07:43.781Z,2ec59fc9522059b44a23c3a62e6926a48311e8c1,1337,500,171,24560171,0x4f822bb4fAC4B2b6630bdF412E8158c15bd65aae,172,true,0,0,(khong),16,2
off-chain (ADV),2026-09-12T22:07:43.781Z,2ec59fc9522059b44a23c3a62e6926a48311e8c1,1337,500,172,24560172,0xB4076feC6a847622581cdfe9a8381e6e6168f597,173,true,0,0,(khong),16,2
off-chain (ADV),2026-09-12T22:07:43.781Z,2ec59fc9522059b44a23c3a62e6926a48311e8c1,1337,500,173,24560173,0x9c6550109D19a9a9B4568FD63b633F162588A53f,174,true,0,0,(khong),16,2
off-chain (ADV),2026-09-12T22:07:43.781Z,2ec59fc9522059b44a23c3a62e6926a48311e8c1,1337,500,174,24560174,0x450c8C20E62E0d6D91456A79367cC9dBEbB03272,175,true,0,0,(khong),16,2
off-chain (ADV),2026-09-12T22:07:43.781Z,2ec59fc9522059b44a23c3a62e6926a48311e8c1,1337,500,175,24560175,0xd85B3541370346B99F5C43B1848eB82BbB2ec3b7,176,true,0,0,(khong),16,2
off-chain (ADV),2026-09-12T22:07:43.781Z,2ec59fc9522059b44a23c3a62e6926a48311e8c1,1337,500,176,24560176,0x82E6e9473928d3108cC891D27B533914e014A8BD,177,true,0,0,(khong),16,2
off-chain (ADV),2026-09-12T22:07:43.781Z,2ec59fc9522059b44a23c3a62e6926a48311e8c1,1337,500,177,24560177,0x21b3De814B091aAaA340550d24440709E32e0c06,178,true,0,0,(khong),16,2
off-chain (ADV),2026-09-12T22:07:43.781Z,2ec59fc9522059b44a23c3a62e6926a48311e8c1,1337,500,178,24560178,0xA521BAC16af43F2E9A82Cd9BB4F5E328863EC6ac,179,true,0,0,(khong),16,2
off-chain (ADV),2026-09-12T22:07:43.781Z,2ec59fc9522059b44a23c3a62e6926a48311e8c1,1337,500,179,24560179,0xb669e9eCc9132c03B0708e9da76A4f00a30A935b,180,true,0,0,(khong),16,2
off-chain (ADV),2026-09-12T22:07:43.781Z,2ec59fc9522059b44a23c3a62e6926a48311e8c1,1337,500,180,24560180,0x33B1ce5357959ec0043e0d77556a5093AB347862,181,true,0,0,(khong),16,2
off-chain (ADV),2026-09-12T22:07:43.781Z,2ec59fc9522059b44a23c3a62e6926a48311e8c1,1337,500,181,24560181,0x9818DBC159BCC58C7feA87E82E738BDb0fcF03F8,182,true,0,0,(khong),16,2
off-chain (ADV),2026-09-12T22:07:43.781Z,2ec59fc9522059b44a23c3a62e6926a48311e8c1,1337,500,182,24560182,0x38421c898cfC5883ddCEC1247EA3f7Ff087Dd6ca,183,true,0,0,(khong),16,2
off-chain (ADV),2026-09-12T22:07:43.781Z,2ec59fc9522059b44a23c3a62e6926a48311e8c1,1337,500,183,24560183,0xe27fF38C1Edeb794ac38867D15620F63f12159e3,184,true,0,0,(khong),16,2
off-chain (ADV),2026-09-12T22:07:43.781Z,2ec59fc9522059b44a23c3a62e6926a48311e8c1,1337,500,184,24560184,0x5eA56c35eB281Ce7810faBFA793dd57482d4C913,185,true,0,0,(khong),16,2
off-chain (ADV),2026-09-12T22:07:43.781Z,2ec59fc9522059b44a23c3a62e6926a48311e8c1,1337,500,185,24560185,0xD9594d67fe240c37508Be5038443D8D4596EFCE0,186,true,0,0,(khong),16,2
off-chain (ADV),2026-09-12T22:07:43.781Z,2ec59fc9522059b44a23c3a62e6926a48311e8c1,1337,500,186,24560186,0x6e26847B83DdAc8a8aA689a441c5Bf168ee5342C,187,true,0,0,(khong),16,2
off-chain (ADV),2026-09-12T22:07:43.781Z,2ec59fc9522059b44a23c3a62e6926a48311e8c1,1337,500,187,24560187,0x0695FdDF2154cc8f097DB36c4bbde79265D0Ad71,188,true,0,0,(khong),16,2
off-chain (ADV),2026-09-12T22:07:43.781Z,2ec59fc9522059b44a23c3a62e6926a48311e8c1,1337,500,188,24560188,0xEd77fBD612b5E88a0De4BbB369F90278B87e887A,189,true,0,0,(khong),16,2
off-chain (ADV),2026-09-12T22:07:43.781Z,2ec59fc9522059b44a23c3a62e6926a48311e8c1,1337,500,189,24560189,0xc642A4b180CCBD0BEaC32d221c6faa1b7890B905,190,true,0,0,(khong),16,2
off-chain (ADV),2026-09-12T22:07:43.781Z,2ec59fc9522059b44a23c3a62e6926a48311e8c1,1337,500,190,24560190,0xCd2AFcCd6EA22a59235FD99260754A5Df136a22b,191,true,0,0,(khong),16,2
off-chain (ADV),2026-09-12T22:07:43.781Z,2ec59fc9522059b44a23c3a62e6926a48311e8c1,1337,500,191,24560191,0x4Daf3470DBA87DA934D22048ef416D6428EFFd1A,192,true,0,0,(khong),16,2
off-chain (ADV),2026-09-12T22:07:43.781Z,2ec59fc9522059b44a23c3a62e6926a48311e8c1,1337,500,192,24560192,0xcD4d0C621B577FC6477B83Fb3e4653668bb3F4C2,193,true,0,0,(khong),16,2
off-chain (ADV),2026-09-12T22:07:43.781Z,2ec59fc9522059b44a23c3a62e6926a48311e8c1,1337,500,193,24560193,0x2557794Bf452ec0a9cB923B03b2D2fb550E17357,194,true,0,0,(khong),16,2
off-chain (ADV),2026-09-12T22:07:43.781Z,2ec59fc9522059b44a23c3a62e6926a48311e8c1,1337,500,194,24560194,0x477763584467fEeAD3B77E0623Ec04153552D3bb,195,true,0,0,(khong),16,2
off-chain (ADV),2026-09-12T22:07:43.781Z,2ec59fc9522059b44a23c3a62e6926a48311e8c1,1337,500,195,24560195,0xA36362a58bB0B52932fa8B23733b459A6a242D65,196,true,0,0,(khong),16,2
off-chain (ADV),2026-09-12T22:07:43.781Z,2ec59fc9522059b44a23c3a62e6926a48311e8c1,1337,500,196,24560196,0xfaeb6d74bf4AA6fa096EC02f4C8C0a6C4EA6598D,197,true,0,0,(khong),16,2
off-chain (ADV),2026-09-12T22:07:43.781Z,2ec59fc9522059b44a23c3a62e6926a48311e8c1,1337,500,197,24560197,0x67Bc83836777dbAe169CFf9CB31a5d2bEAdEeCAb,198,true,0,0,(khong),16,2
off-chain (ADV),2026-09-12T22:07:43.781Z,2ec59fc9522059b44a23c3a62e6926a48311e8c1,1337,500,198,24560198,0xe2abD1E57c8D6f0D21645a8a0Af6C4251a4395f5,199,true,0,0,(khong),16,2
off-chain (ADV),2026-09-12T22:07:43.781Z,2ec59fc9522059b44a23c3a62e6926a48311e8c1,1337,500,199,24560199,0xCD5691EA878D262516be278cb46f2fd7fF132083,200,true,0,0,(khong),16,2
off-chain (ADV),2026-09-12T22:07:43.781Z,2ec59fc9522059b44a23c3a62e6926a48311e8c1,1337,500,200,24560200,0x9B63F0Cef479924E5d2C4E22DBE31E6d0353B448,201,true,0,0,(khong),16,2
off-chain (ADV),2026-09-12T22:07:43.781Z,2ec59fc9522059b44a23c3a62e6926a48311e8c1,1337,500,201,24560201,0xaAda98978453263132587D0805C4A17376Af9F13,202,true,0,0,(khong),16,2
off-chain (ADV),2026-09-12T22:07:43.781Z,2ec59fc9522059b44a23c3a62e6926a48311e8c1,1337,500,202,24560202,0x55Ef996639b608A25AB4293f39247a9E23411d3A,203,true,0,0,(khong),16,2
off-chain (ADV),2026-09-12T22:07:43.781Z,2ec59fc9522059b44a23c3a62e6926a48311e8c1,1337,500,203,24560203,0x1B3c3d190c796A264c43Dd5F1336Af5AE4343Cd2,204,true,0,0,(khong),16,2
off-chain (ADV),2026-09-12T22:07:43.781Z,2ec59fc9522059b44a23c3a62e6926a48311e8c1,1337,500,204,24560204,0x556d216055a017ADacb871e540D7e1EF41fDA26d,205,true,0,0,(khong),16,2
off-chain (ADV),2026-09-12T22:07:43.781Z,2ec59fc9522059b44a23c3a62e6926a48311e8c1,1337,500,205,24560205,0xA8d91B470C8E7e2dDe59Ec4B7D393Efe37a290F7,206,true,0,0,(khong),16,2
off-chain (ADV),2026-09-12T22:07:43.781Z,2ec59fc9522059b44a23c3a62e6926a48311e8c1,1337,500,206,24560206,0x8A4673B00B04b59CaC44926ABeDa85ed181fA436,207,true,0,0,(khong),16,2
off-chain (ADV),2026-09-12T22:07:43.781Z,2ec59fc9522059b44a23c3a62e6926a48311e8c1,1337,500,207,24560207,0xf5377262F68d386F265F4624a75F3B3A963877eF,208,true,0,0,(khong),16,2
off-chain (ADV),2026-09-12T22:07:43.781Z,2ec59fc9522059b44a23c3a62e6926a48311e8c1,1337,500,208,24560208,0xe5beaB7853A22f054Ef287EA62aCe7A32528b3eE,209,true,0,0,(khong),16,2
off-chain (ADV),2026-09-12T22:07:43.781Z,2ec59fc9522059b44a23c3a62e6926a48311e8c1,1337,500,209,24560209,0x565AC0E8fe74F5052520D6f49F0cbc0bff7Df069,210,true,0,0,(khong),16,2
off-chain (ADV),2026-09-12T22:07:43.781Z,2ec59fc9522059b44a23c3a62e6926a48311e8c1,1337,500,210,24560210,0x7aF675E0cf99444db59E2F75C1663c261E9F2420,211,true,0,0,(khong),16,2
off-chain (ADV),2026-09-12T22:07:43.781Z,2ec59fc9522059b44a23c3a62e6926a48311e8c1,1337,500,211,24560211,0x5a9fAD3222e4cE8ADc7e9861E4bDDA9adbC96156,212,true,0,0,(khong),16,2
off-chain (ADV),2026-09-12T22:07:43.781Z,2ec59fc9522059b44a23c3a62e6926a48311e8c1,1337,500,212,24560212,0x4D5faa28c8c88Fcc19c1f2b302694Ff1c899bE5e,213,true,0,0,(khong),16,2
off-chain (ADV),2026-09-12T22:07:43.781Z,2ec59fc9522059b44a23c3a62e6926a48311e8c1,1337,500,213,24560213,0x154D58D4ad8E3B6715Cea07E7A5d701244F1a0a6,214,true,0,0,(khong),16,2
off-chain (ADV),2026-09-12T22:07:43.781Z,2ec59fc9522059b44a23c3a62e6926a48311e8c1,1337,500,214,24560214,0xB01C7058F7f5232eC8399A9078FeC313A1E8ceb5,215,true,0,0,(khong),16,2
off-chain (ADV),2026-09-12T22:07:43.781Z,2ec59fc9522059b44a23c3a62e6926a48311e8c1,1337,500,215,24560215,0x6e3De3f6B0ee2358cfd33c4d2f4822d5e4bFAc1b,216,true,0,0,(khong),16,2
off-chain (ADV),2026-09-12T22:07:43.781Z,2ec59fc9522059b44a23c3a62e6926a48311e8c1,1337,500,216,24560216,0x77B3F5B4f830B5C2e1E0B8444E8A791272eF6cF9,217,true,0,0,(khong),16,2
off-chain (ADV),2026-09-12T22:07:43.781Z,2ec59fc9522059b44a23c3a62e6926a48311e8c1,1337,500,217,24560217,0xe9ce8d3307344E44Ca2A4974AAb33fD4ab5CA2D2,218,true,0,0,(khong),16,2
off-chain (ADV),2026-09-12T22:07:43.781Z,2ec59fc9522059b44a23c3a62e6926a48311e8c1,1337,500,218,24560218,0xcEf60431A20386E59c1DA0c67d701DCF393E044f,219,true,0,0,(khong),16,2
off-chain (ADV),2026-09-12T22:07:43.781Z,2ec59fc9522059b44a23c3a62e6926a48311e8c1,1337,500,219,24560219,0x058f455880a4529174E9e5bc985c84DE7209eAfC,220,true,0,0,(khong),16,2
off-chain (ADV),2026-09-12T22:07:43.781Z,2ec59fc9522059b44a23c3a62e6926a48311e8c1,1337,500,220,24560220,0x202b3b724ebcbB4A3B23dCB09Ac492343f327a61,221,true,0,0,(khong),16,2
off-chain (ADV),2026-09-12T22:07:43.781Z,2ec59fc9522059b44a23c3a62e6926a48311e8c1,1337,500,221,24560221,0x0ECfa2395449Cb032Bbc317020B02c2f9B07fAa9,222,true,0,0,(khong),16,2
off-chain (ADV),2026-09-12T22:07:43.781Z,2ec59fc9522059b44a23c3a62e6926a48311e8c1,1337,500,222,24560222,0x4EBc79792f66dB4f2237Ce6A3DF60a3d215A3A4c,223,true,0,0,(khong),16,2
off-chain (ADV),2026-09-12T22:07:43.781Z,2ec59fc9522059b44a23c3a62e6926a48311e8c1,1337,500,223,24560223,0xE54CC59bbA6f37816Cc9b1C2176A863f866A2045,224,true,0,0,(khong),16,2
off-chain (ADV),2026-09-12T22:07:43.781Z,2ec59fc9522059b44a23c3a62e6926a48311e8c1,1337,500,224,24560224,0xeBc9C23d79a08Ed2F8043b9128892Db42c870a6a,225,true,0,0,(khong),16,2
off-chain (ADV),2026-09-12T22:07:43.781Z,2ec59fc9522059b44a23c3a62e6926a48311e8c1,1337,500,225,24560225,0x26558784323f5b9C6d25020daBdd40b5a6E113Ac,226,true,0,0,(khong),16,2
off-chain (ADV),2026-09-12T22:07:43.781Z,2ec59fc9522059b44a23c3a62e6926a48311e8c1,1337,500,226,24560226,0x30EC5397F694b45AC99964C24393C0Be1D451D0A,227,true,0,0,(khong),16,2
off-chain (ADV),2026-09-12T22:07:43.781Z,2ec59fc9522059b44a23c3a62e6926a48311e8c1,1337,500,227,24560227,0x6b3B876FFe4d1101bf4AF252bfc4Fd579cB7362f,228,true,0,0,(khong),16,2
off-chain (ADV),2026-09-12T22:07:43.781Z,2ec59fc9522059b44a23c3a62e6926a48311e8c1,1337,500,228,24560228,0x4658a86A974e4b451378745536f3FFD5540825a7,229,true,0,0,(khong),16,2
off-chain (ADV),2026-09-12T22:07:43.781Z,2ec59fc9522059b44a23c3a62e6926a48311e8c1,1337,500,229,24560229,0x5911f3eD1eb71cc31b8C6E44141F218512Dfc696,230,true,0,0,(khong),16,2
off-chain (ADV),2026-09-12T22:07:43.781Z,2ec59fc9522059b44a23c3a62e6926a48311e8c1,1337,500,230,24560230,0xdAd3fe28b0369d4e18000d0b21D23250690dcFdf,231,true,0,0,(khong),16,2
off-chain (ADV),2026-09-12T22:07:43.781Z,2ec59fc9522059b44a23c3a62e6926a48311e8c1,1337,500,231,24560231,0xbC469FD29383d1861019038aa6E6D00960A68bC6,232,true,0,0,(khong),16,2
off-chain (ADV),2026-09-12T22:07:43.781Z,2ec59fc9522059b44a23c3a62e6926a48311e8c1,1337,500,232,24560232,0xD4857FbAb06F172e897094cB8cEad496f347DdC9,233,true,0,0,(khong),16,2
off-chain (ADV),2026-09-12T22:07:43.781Z,2ec59fc9522059b44a23c3a62e6926a48311e8c1,1337,500,233,24560233,0x840bB9C3cfA8ACfC8291cC894a5331fAa90B6250,234,true,0,0,(khong),16,2
off-chain (ADV),2026-09-12T22:07:43.781Z,2ec59fc9522059b44a23c3a62e6926a48311e8c1,1337,500,234,24560234,0x1F87E44C14775165a49f950009dD318D8897C454,235,true,0,0,(khong),16,2
off-chain (ADV),2026-09-12T22:07:43.781Z,2ec59fc9522059b44a23c3a62e6926a48311e8c1,1337,500,235,24560235,0x091374C3A440F8909046637b8407f3d1A0FF84B8,236,true,0,0,(khong),16,2
off-chain (ADV),2026-09-12T22:07:43.781Z,2ec59fc9522059b44a23c3a62e6926a48311e8c1,1337,500,236,24560236,0xAe332c24B47688c0AAa8d52F4739C423998Ab00a,237,true,0,0,(khong),16,2
off-chain (ADV),2026-09-12T22:07:43.781Z,2ec59fc9522059b44a23c3a62e6926a48311e8c1,1337,500,237,24560237,0xBA2940D5D1Eb1Fbd55E7e751A44dbfB672e94B43,238,true,0,0,(khong),16,2
off-chain (ADV),2026-09-12T22:07:43.781Z,2ec59fc9522059b44a23c3a62e6926a48311e8c1,1337,500,238,24560238,0x67b9A7cad90cc113275f6a06A35c54F494FcF5be,239,true,0,0,(khong),16,2
off-chain (ADV),2026-09-12T22:07:43.781Z,2ec59fc9522059b44a23c3a62e6926a48311e8c1,1337,500,239,24560239,0xA250540428F7d6F6b98b10bb416DB262360957E4,240,true,0,0,(khong),16,2
off-chain (ADV),2026-09-12T22:07:43.781Z,2ec59fc9522059b44a23c3a62e6926a48311e8c1,1337,500,240,24560240,0xfD55aBcf814F4B4ED68F2a7828fb4ba48ee9A737,241,true,0,0,(khong),16,2
off-chain (ADV),2026-09-12T22:07:43.781Z,2ec59fc9522059b44a23c3a62e6926a48311e8c1,1337,500,241,24560241,0xF5c49C16B097630f8F7312ebab4b1618E6c7662f,242,true,0,0,(khong),16,2
off-chain (ADV),2026-09-12T22:07:43.781Z,2ec59fc9522059b44a23c3a62e6926a48311e8c1,1337,500,242,24560242,0xE47c43afAf468e8149B384c1d7b05E990D7bC444,243,true,0,0,(khong),16,2
off-chain (ADV),2026-09-12T22:07:43.781Z,2ec59fc9522059b44a23c3a62e6926a48311e8c1,1337,500,243,24560243,0xec04082A4892A19654443D79b286BeCA1c28eADd,244,true,0,0,(khong),16,2
off-chain (ADV),2026-09-12T22:07:43.781Z,2ec59fc9522059b44a23c3a62e6926a48311e8c1,1337,500,244,24560244,0x6Eb1949963A1b8a77b3d4eE2edE66173976612f4,245,true,0,0,(khong),16,2
off-chain (ADV),2026-09-12T22:07:43.781Z,2ec59fc9522059b44a23c3a62e6926a48311e8c1,1337,500,245,24560245,0x7333Ed521D675fDD15AE459fCcac3b4D9763F50d,246,true,0,0,(khong),16,2
off-chain (ADV),2026-09-12T22:07:43.781Z,2ec59fc9522059b44a23c3a62e6926a48311e8c1,1337,500,246,24560246,0x737a33b2e8e0578a1416b71FF2B33E51a0c770Da,247,true,0,0,(khong),16,2
off-chain (ADV),2026-09-12T22:07:43.781Z,2ec59fc9522059b44a23c3a62e6926a48311e8c1,1337,500,247,24560247,0x900E0A0397749AAfFC9f5f214cfd65de15beb234,248,true,0,0,(khong),16,2
off-chain (ADV),2026-09-12T22:07:43.781Z,2ec59fc9522059b44a23c3a62e6926a48311e8c1,1337,500,248,24560248,0x49d46ac4Da15b1822ad5f567796e3D3ABceC08a4,249,true,0,0,(khong),16,2
off-chain (ADV),2026-09-12T22:07:43.781Z,2ec59fc9522059b44a23c3a62e6926a48311e8c1,1337,500,249,24560249,0xb80b60e35D374d20FC5eEF86cd2De9382959E4b7,250,true,0,0,(khong),16,2
off-chain (ADV),2026-09-12T22:07:43.781Z,2ec59fc9522059b44a23c3a62e6926a48311e8c1,1337,500,250,24560250,0xcA5BF6Ad85A06dD38dD9c3F7ece13b9397Aa4C1F,251,true,0,0,(khong),16,2
off-chain (ADV),2026-09-12T22:07:43.781Z,2ec59fc9522059b44a23c3a62e6926a48311e8c1,1337,500,251,24560251,0xe3b8E68393c8b3a76A6fF199e7502A69770abE92,252,true,0,0,(khong),16,2
off-chain (ADV),2026-09-12T22:07:43.781Z,2ec59fc9522059b44a23c3a62e6926a48311e8c1,1337,500,252,24560252,0x18eFC228e435540eEbabEdA2B7bB03a25f8BaeA3,253,true,0,0,(khong),16,2
off-chain (ADV),2026-09-12T22:07:43.781Z,2ec59fc9522059b44a23c3a62e6926a48311e8c1,1337,500,253,24560253,0x46636c9Be1D42754B3442dfd0199C1C315D9A80A,254,true,0,0,(khong),16,2
off-chain (ADV),2026-09-12T22:07:43.781Z,2ec59fc9522059b44a23c3a62e6926a48311e8c1,1337,500,254,24560254,0xA7d5cF2aA862CE63D4572abB0817E357B5CFf881,255,true,0,0,(khong),16,2
off-chain (ADV),2026-09-12T22:07:43.781Z,2ec59fc9522059b44a23c3a62e6926a48311e8c1,1337,500,255,24560255,0x0Db6e8EaF3383a029df4749a717Fb4431554da0C,256,true,0,0,(khong),16,2
off-chain (ADV),2026-09-12T22:07:43.781Z,2ec59fc9522059b44a23c3a62e6926a48311e8c1,1337,500,256,24560256,0x2FFA01B4B6B9B76C0bf9409593ba0035366bb8e0,257,true,0,0,(khong),16,2
off-chain (ADV),2026-09-12T22:07:43.781Z,2ec59fc9522059b44a23c3a62e6926a48311e8c1,1337,500,257,24560257,0xf63F0b3AD26A99643a5a0C13e0FC54aa4a910477,258,true,0,0,(khong),16,2
off-chain (ADV),2026-09-12T22:07:43.781Z,2ec59fc9522059b44a23c3a62e6926a48311e8c1,1337,500,258,24560258,0x32174B283b7CD23Ccb75943dCf6661303f9C6514,259,true,0,0,(khong),16,2
off-chain (ADV),2026-09-12T22:07:43.781Z,2ec59fc9522059b44a23c3a62e6926a48311e8c1,1337,500,259,24560259,0x57388c23704Ee63439240069b9830eCA8dA0E736,260,true,0,0,(khong),16,2
off-chain (ADV),2026-09-12T22:07:43.781Z,2ec59fc9522059b44a23c3a62e6926a48311e8c1,1337,500,260,24560260,0xe8e057EE0780308e993830DBC8daBbe26C0D907d,261,true,0,0,(khong),16,2
off-chain (ADV),2026-09-12T22:07:43.781Z,2ec59fc9522059b44a23c3a62e6926a48311e8c1,1337,500,261,24560261,0x0f254177180f8bDA7E6ab9F3765845294453e56c,262,true,0,0,(khong),16,2
off-chain (ADV),2026-09-12T22:07:43.781Z,2ec59fc9522059b44a23c3a62e6926a48311e8c1,1337,500,262,24560262,0xf06e74cE7B0Fae11d326F9916b206D9F44A6D8f8,263,true,0,0,(khong),16,2
off-chain (ADV),2026-09-12T22:07:43.781Z,2ec59fc9522059b44a23c3a62e6926a48311e8c1,1337,500,263,24560263,0x773852214D6C266895D3507fEC83cDe8F7D4aa72,264,true,0,0,(khong),16,2
off-chain (ADV),2026-09-12T22:07:43.781Z,2ec59fc9522059b44a23c3a62e6926a48311e8c1,1337,500,264,24560264,0x7BD1230D2159D8d96022D10922E7D53dDb88dF42,265,true,0,0,(khong),16,2
off-chain (ADV),2026-09-12T22:07:43.781Z,2ec59fc9522059b44a23c3a62e6926a48311e8c1,1337,500,265,24560265,0x799C44d6B02493fcC207A75b733861eeFaB3A05E,266,true,0,0,(khong),16,2
off-chain (ADV),2026-09-12T22:07:43.781Z,2ec59fc9522059b44a23c3a62e6926a48311e8c1,1337,500,266,24560266,0x36D1A5f2f74A2f829CA91762D91498AaE6337B74,267,true,0,0,(khong),16,2
off-chain (ADV),2026-09-12T22:07:43.781Z,2ec59fc9522059b44a23c3a62e6926a48311e8c1,1337,500,267,24560267,0x6d3b1a88053655a9bE36c13e7ADf050A3eaA5dCF,268,true,0,0,(khong),16,2
off-chain (ADV),2026-09-12T22:07:43.781Z,2ec59fc9522059b44a23c3a62e6926a48311e8c1,1337,500,268,24560268,0x27D18B98e74ce581CFa08dD73b1d171B38ac69c2,269,true,0,0,(khong),16,2
off-chain (ADV),2026-09-12T22:07:43.781Z,2ec59fc9522059b44a23c3a62e6926a48311e8c1,1337,500,269,24560269,0x036b9D622a5A8325c5645839c7AbBC072Eddf5e8,270,true,0,0,(khong),16,2
off-chain (ADV),2026-09-12T22:07:43.781Z,2ec59fc9522059b44a23c3a62e6926a48311e8c1,1337,500,270,24560270,0x666a6065fCA13d428d0CF91f17A38A0365e7d41B,271,true,0,0,(khong),16,2
off-chain (ADV),2026-09-12T22:07:43.781Z,2ec59fc9522059b44a23c3a62e6926a48311e8c1,1337,500,271,24560271,0x3564CCa1102676A7FE45bf95FAa0a332bcE06305,272,true,0,0,(khong),16,2
off-chain (ADV),2026-09-12T22:07:43.781Z,2ec59fc9522059b44a23c3a62e6926a48311e8c1,1337,500,272,24560272,0x002cb246E74403BD553253dC255a5cef443278Ca,273,true,0,0,(khong),16,2
off-chain (ADV),2026-09-12T22:07:43.781Z,2ec59fc9522059b44a23c3a62e6926a48311e8c1,1337,500,273,24560273,0xc37f1aA3A34bdf463736133A22953c6C7Ae7b7e2,274,true,0,0,(khong),16,2
off-chain (ADV),2026-09-12T22:07:43.781Z,2ec59fc9522059b44a23c3a62e6926a48311e8c1,1337,500,274,24560274,0x3512729F1032de2e7Eb1819C66F872e892b9f317,275,true,0,0,(khong),16,2
off-chain (ADV),2026-09-12T22:07:43.781Z,2ec59fc9522059b44a23c3a62e6926a48311e8c1,1337,500,275,24560275,0x5a90a034D8AD5aE441d03cBd8637ceC4A3622B4E,276,true,0,0,(khong),16,2
off-chain (ADV),2026-09-12T22:07:43.781Z,2ec59fc9522059b44a23c3a62e6926a48311e8c1,1337,500,276,24560276,0xF3b786B3e598e10A187236603a0eaBA073fAA361,277,true,0,0,(khong),16,2
off-chain (ADV),2026-09-12T22:07:43.781Z,2ec59fc9522059b44a23c3a62e6926a48311e8c1,1337,500,277,24560277,0x2971877dEa93FfD7b40b6C8EDF60B06180265bcf,278,true,0,0,(khong),16,2
off-chain (ADV),2026-09-12T22:07:43.781Z,2ec59fc9522059b44a23c3a62e6926a48311e8c1,1337,500,278,24560278,0xE514Acda093A1e9261a8F96958993723B422eEA0,279,true,0,0,(khong),16,2
off-chain (ADV),2026-09-12T22:07:43.781Z,2ec59fc9522059b44a23c3a62e6926a48311e8c1,1337,500,279,24560279,0xfac9Fb53E1Be5fd9Eec357f351eFcf61ca70Ea6f,280,true,0,0,(khong),16,2
off-chain (ADV),2026-09-12T22:07:43.781Z,2ec59fc9522059b44a23c3a62e6926a48311e8c1,1337,500,280,24560280,0x6a082Fcd074Bf2669De247dCEa51F2786d2911e8,281,true,0,0,(khong),16,2
off-chain (ADV),2026-09-12T22:07:43.781Z,2ec59fc9522059b44a23c3a62e6926a48311e8c1,1337,500,281,24560281,0x2b52eb5662f6cbBd2C45001D003927905a3d0Fa2,282,true,0,0,(khong),16,2
off-chain (ADV),2026-09-12T22:07:43.781Z,2ec59fc9522059b44a23c3a62e6926a48311e8c1,1337,500,282,24560282,0x3B59d0EdC709B0774e3ddfEF3Ec5540C65F94b7e,283,true,0,0,(khong),16,2
off-chain (ADV),2026-09-12T22:07:43.781Z,2ec59fc9522059b44a23c3a62e6926a48311e8c1,1337,500,283,24560283,0x156033c05CB236cC1741A523f57b94216955442A,284,true,0,0,(khong),16,2
off-chain (ADV),2026-09-12T22:07:43.781Z,2ec59fc9522059b44a23c3a62e6926a48311e8c1,1337,500,284,24560284,0x0f311c82F6E5a7874a7DCb8daA98E3ABd2C78D31,285,true,0,0,(khong),16,2
off-chain (ADV),2026-09-12T22:07:43.781Z,2ec59fc9522059b44a23c3a62e6926a48311e8c1,1337,500,285,24560285,0xD5031Fa6e2e1B9942d7104cB3f852235C540fE1a,286,true,0,0,(khong),16,2
off-chain (ADV),2026-09-12T22:07:43.781Z,2ec59fc9522059b44a23c3a62e6926a48311e8c1,1337,500,286,24560286,0x09314daC77Ff8C9F9689a853EF41b7d4c133440d,287,true,0,0,(khong),16,2
off-chain (ADV),2026-09-12T22:07:43.781Z,2ec59fc9522059b44a23c3a62e6926a48311e8c1,1337,500,287,24560287,0x66b8448ED4F2ad8DF5cD481B37526797877aB210,288,true,0,0,(khong),16,2
off-chain (ADV),2026-09-12T22:07:43.781Z,2ec59fc9522059b44a23c3a62e6926a48311e8c1,1337,500,288,24560288,0x08A14F70b4bc7F46e172ad6795516405Eb88F1eb,289,true,0,0,(khong),16,2
off-chain (ADV),2026-09-12T22:07:43.781Z,2ec59fc9522059b44a23c3a62e6926a48311e8c1,1337,500,289,24560289,0x854A7D55C845dD0363c3cB4F2DabD79c10697cf2,290,true,0,0,(khong),16,2
off-chain (ADV),2026-09-12T22:07:43.781Z,2ec59fc9522059b44a23c3a62e6926a48311e8c1,1337,500,290,24560290,0x00dD7939597BC43820ffb2b4E834F26924012B3d,291,true,0,0,(khong),16,2
off-chain (ADV),2026-09-12T22:07:43.781Z,2ec59fc9522059b44a23c3a62e6926a48311e8c1,1337,500,291,24560291,0xB6958D92fF436FA5D7eA550A22283FE9EaF458E9,292,true,0,0,(khong),16,2
off-chain (ADV),2026-09-12T22:07:43.781Z,2ec59fc9522059b44a23c3a62e6926a48311e8c1,1337,500,292,24560292,0xF40fCB5937aB8abD4685E0ad10a5e971CE23ae3D,293,true,0,0,(khong),16,2
off-chain (ADV),2026-09-12T22:07:43.781Z,2ec59fc9522059b44a23c3a62e6926a48311e8c1,1337,500,293,24560293,0x0318EF1295C6FeFb4946618F111103f5798707fb,294,true,0,0,(khong),16,2
off-chain (ADV),2026-09-12T22:07:43.781Z,2ec59fc9522059b44a23c3a62e6926a48311e8c1,1337,500,294,24560294,0x4D40b1b3B5755ee94b3ae28e8Ae77727C77c4626,295,true,0,0,(khong),16,2
off-chain (ADV),2026-09-12T22:07:43.781Z,2ec59fc9522059b44a23c3a62e6926a48311e8c1,1337,500,295,24560295,0xfbc6Ee4cc10B0BE0beb2E25d45e49b8434669D40,296,true,0,0,(khong),16,2
off-chain (ADV),2026-09-12T22:07:43.781Z,2ec59fc9522059b44a23c3a62e6926a48311e8c1,1337,500,296,24560296,0xDE4ffb04B6c02061F9f2246239A974e4F3Ea4D4C,297,true,0,0,(khong),16,2
off-chain (ADV),2026-09-12T22:07:43.781Z,2ec59fc9522059b44a23c3a62e6926a48311e8c1,1337,500,297,24560297,0x75fE4FFC0E15bd7343fDAa1f4dEedbbcdd5D6e33,298,true,0,0,(khong),16,2
off-chain (ADV),2026-09-12T22:07:43.781Z,2ec59fc9522059b44a23c3a62e6926a48311e8c1,1337,500,298,24560298,0xde9E1Df2c6c17c53C5057c38EF41F5a113238Ddb,299,true,0,0,(khong),16,2
off-chain (ADV),2026-09-12T22:07:43.781Z,2ec59fc9522059b44a23c3a62e6926a48311e8c1,1337,500,299,24560299,0x863218e6ADad41bC3c2cb4463E26B625564ea3Ba,300,true,0,0,(khong),16,2
off-chain (ADV),2026-09-12T22:07:43.781Z,2ec59fc9522059b44a23c3a62e6926a48311e8c1,1337,500,300,24560300,0x4e8D10C30B7EA887554A32306D284A35eBEc95D5,301,true,0,0,(khong),16,2
off-chain (ADV),2026-09-12T22:07:43.781Z,2ec59fc9522059b44a23c3a62e6926a48311e8c1,1337,500,301,24560301,0x322063C208B66eEb5f48A56F0cec95803953CF9B,302,true,0,0,(khong),16,2
off-chain (ADV),2026-09-12T22:07:43.781Z,2ec59fc9522059b44a23c3a62e6926a48311e8c1,1337,500,302,24560302,0x5aa43eDba1165fcde0ef7aBC831BD428e55A5Ed7,303,true,0,0,(khong),16,2
off-chain (ADV),2026-09-12T22:07:43.781Z,2ec59fc9522059b44a23c3a62e6926a48311e8c1,1337,500,303,24560303,0xfDdF07a065e19A18d6Cb21D5945fde723D8CF04d,304,true,0,0,(khong),16,2
off-chain (ADV),2026-09-12T22:07:43.781Z,2ec59fc9522059b44a23c3a62e6926a48311e8c1,1337,500,304,24560304,0x827DEb0EAa637C7eBe38a5Ef0137f03b0E638037,305,true,0,0,(khong),16,2
off-chain (ADV),2026-09-12T22:07:43.781Z,2ec59fc9522059b44a23c3a62e6926a48311e8c1,1337,500,305,24560305,0x397F2f317CBa20A108d983EeAA5D2ebd8F540384,306,true,0,0,(khong),16,2
off-chain (ADV),2026-09-12T22:07:43.781Z,2ec59fc9522059b44a23c3a62e6926a48311e8c1,1337,500,306,24560306,0x9B3dA7E84060A2340FFcD3896473005Fbc15bD10,307,true,0,0,(khong),16,2
off-chain (ADV),2026-09-12T22:07:43.781Z,2ec59fc9522059b44a23c3a62e6926a48311e8c1,1337,500,307,24560307,0xa329cF288Be203e4D74B4Cdf798aBc6D59D080b0,308,true,0,0,(khong),16,2
off-chain (ADV),2026-09-12T22:07:43.781Z,2ec59fc9522059b44a23c3a62e6926a48311e8c1,1337,500,308,24560308,0xd2bfaCCFAAAe3D0d9B080aB8c0B917447C51552b,309,true,0,0,(khong),16,2
off-chain (ADV),2026-09-12T22:07:43.781Z,2ec59fc9522059b44a23c3a62e6926a48311e8c1,1337,500,309,24560309,0x9E1551A3B9215E0F7db8812b1cD2e62aDf9C9090,310,true,0,0,(khong),16,2
off-chain (ADV),2026-09-12T22:07:43.781Z,2ec59fc9522059b44a23c3a62e6926a48311e8c1,1337,500,310,24560310,0x9D3daE4b6a1346bD130D96A434b492C629bDbc33,311,true,0,0,(khong),16,2
off-chain (ADV),2026-09-12T22:07:43.781Z,2ec59fc9522059b44a23c3a62e6926a48311e8c1,1337,500,311,24560311,0x66D95DC35a493567d9B7De5FD2d97d8Ea6BD4dB4,312,true,0,0,(khong),16,2
off-chain (ADV),2026-09-12T22:07:43.781Z,2ec59fc9522059b44a23c3a62e6926a48311e8c1,1337,500,312,24560312,0x8bF76954aD41E00F8A5c9d42d0f63E650A267b43,313,true,0,0,(khong),16,2
off-chain (ADV),2026-09-12T22:07:43.781Z,2ec59fc9522059b44a23c3a62e6926a48311e8c1,1337,500,313,24560313,0x78AC7FDE50ADc2348794A49Cea850522385505EC,314,true,0,0,(khong),16,2
off-chain (ADV),2026-09-12T22:07:43.781Z,2ec59fc9522059b44a23c3a62e6926a48311e8c1,1337,500,314,24560314,0x4a2A701764A9716503Fb4CB2C3DEcB07D3baEAB4,315,true,0,0,(khong),16,2
off-chain (ADV),2026-09-12T22:07:43.781Z,2ec59fc9522059b44a23c3a62e6926a48311e8c1,1337,500,315,24560315,0xBe06C3eeb78D23a76EC4d057F0861a6DA8B47eaa,316,true,0,0,(khong),16,2
off-chain (ADV),2026-09-12T22:07:43.781Z,2ec59fc9522059b44a23c3a62e6926a48311e8c1,1337,500,316,24560316,0x5BfFC5DE763eE6433Cc7196E9290aC457aB68Cb7,317,true,0,0,(khong),16,2
off-chain (ADV),2026-09-12T22:07:43.781Z,2ec59fc9522059b44a23c3a62e6926a48311e8c1,1337,500,317,24560317,0x96fe4c8042b48eF9cb33530f94d5f0916031eb9d,318,true,0,0,(khong),16,2
off-chain (ADV),2026-09-12T22:07:43.781Z,2ec59fc9522059b44a23c3a62e6926a48311e8c1,1337,500,318,24560318,0x4705Dc1C66f91b713E06416d71d1E21370eB50aC,319,true,0,0,(khong),16,2
off-chain (ADV),2026-09-12T22:07:43.781Z,2ec59fc9522059b44a23c3a62e6926a48311e8c1,1337,500,319,24560319,0x6E8FFDe69D8574C11CEF75369BEF07cef448beB0,320,true,0,0,(khong),16,2
off-chain (ADV),2026-09-12T22:07:43.781Z,2ec59fc9522059b44a23c3a62e6926a48311e8c1,1337,500,320,24560320,0x25c3f1035F2DB92EA79072fDd76b64F71178F7Ec,321,true,0,0,(khong),16,2
off-chain (ADV),2026-09-12T22:07:43.781Z,2ec59fc9522059b44a23c3a62e6926a48311e8c1,1337,500,321,24560321,0xADc86b12C5a3A7D1E99A4282ef48eb9e56e174a4,322,true,0,0,(khong),16,2
off-chain (ADV),2026-09-12T22:07:43.781Z,2ec59fc9522059b44a23c3a62e6926a48311e8c1,1337,500,322,24560322,0xD4000432d439868080e97E60E4a4212355CEd41A,323,true,0,0,(khong),16,2
off-chain (ADV),2026-09-12T22:07:43.781Z,2ec59fc9522059b44a23c3a62e6926a48311e8c1,1337,500,323,24560323,0xe37a8a00958C3945Da99caBCfE974470C93021F6,324,true,0,0,(khong),16,2
off-chain (ADV),2026-09-12T22:07:43.781Z,2ec59fc9522059b44a23c3a62e6926a48311e8c1,1337,500,324,24560324,0xc8b6092c64ad07B828922C99d29AD6fed1529930,325,true,0,0,(khong),16,2
off-chain (ADV),2026-09-12T22:07:43.781Z,2ec59fc9522059b44a23c3a62e6926a48311e8c1,1337,500,325,24560325,0x45EEa58d15Ce66b9f7E59bd37CF8F787a059f154,326,true,0,0,(khong),16,2
off-chain (ADV),2026-09-12T22:07:43.781Z,2ec59fc9522059b44a23c3a62e6926a48311e8c1,1337,500,326,24560326,0xC25CdC60Ae65736c79ec4626a6440a2c651D91dD,327,true,0,0,(khong),16,2
off-chain (ADV),2026-09-12T22:07:43.781Z,2ec59fc9522059b44a23c3a62e6926a48311e8c1,1337,500,327,24560327,0xc919466e4FB98717df62388f3b8a1Cc815aC65EF,328,true,0,0,(khong),16,2
off-chain (ADV),2026-09-12T22:07:43.781Z,2ec59fc9522059b44a23c3a62e6926a48311e8c1,1337,500,328,24560328,0x2D66e498cB3e6657ac16a0931da2372779ef640B,329,true,0,0,(khong),16,2
off-chain (ADV),2026-09-12T22:07:43.781Z,2ec59fc9522059b44a23c3a62e6926a48311e8c1,1337,500,329,24560329,0xC679A52eD35Ac5AC1C8bC41f7294F0b1B8c13882,330,true,0,0,(khong),16,2
off-chain (ADV),2026-09-12T22:07:43.781Z,2ec59fc9522059b44a23c3a62e6926a48311e8c1,1337,500,330,24560330,0x26276FD23781A716Cd10eD27Ff4ED8c3ce65E140,331,true,0,0,(khong),16,2
off-chain (ADV),2026-09-12T22:07:43.781Z,2ec59fc9522059b44a23c3a62e6926a48311e8c1,1337,500,331,24560331,0xb2DCC4962af873Feb2A987f10F3871b8597cB7F5,332,true,0,0,(khong),16,2
off-chain (ADV),2026-09-12T22:07:43.781Z,2ec59fc9522059b44a23c3a62e6926a48311e8c1,1337,500,332,24560332,0x1a8228a4e71fa46a3006EA768933458EF7d30FE5,333,true,0,0,(khong),16,2
off-chain (ADV),2026-09-12T22:07:43.781Z,2ec59fc9522059b44a23c3a62e6926a48311e8c1,1337,500,333,24560333,0x49FBd4ED0BdE499aFd8Fed0CAD05bd62f34bEd7a,334,true,0,0,(khong),16,2
off-chain (ADV),2026-09-12T22:07:43.781Z,2ec59fc9522059b44a23c3a62e6926a48311e8c1,1337,500,334,24560334,0x6B661EE83e6EA59A8E63F8797F55286Bfd4d9506,335,true,0,0,(khong),16,2
off-chain (ADV),2026-09-12T22:07:43.781Z,2ec59fc9522059b44a23c3a62e6926a48311e8c1,1337,500,335,24560335,0x2110f638AE1FA85950Bf17161176EA94468C3bA0,336,true,0,0,(khong),16,2
off-chain (ADV),2026-09-12T22:07:43.781Z,2ec59fc9522059b44a23c3a62e6926a48311e8c1,1337,500,336,24560336,0xd8838989991909F032B4B4438896f6FFBFC8A89D,337,true,0,0,(khong),16,2
off-chain (ADV),2026-09-12T22:07:43.781Z,2ec59fc9522059b44a23c3a62e6926a48311e8c1,1337,500,337,24560337,0x6006d1ab16184B8263Ef653a3D548814E17d27D5,338,true,0,0,(khong),16,2
off-chain (ADV),2026-09-12T22:07:43.781Z,2ec59fc9522059b44a23c3a62e6926a48311e8c1,1337,500,338,24560338,0xd65BcDE62c36F039da246Fb85e95d2DfdeE4E414,339,true,0,0,(khong),16,2
off-chain (ADV),2026-09-12T22:07:43.781Z,2ec59fc9522059b44a23c3a62e6926a48311e8c1,1337,500,339,24560339,0x16371f1E538aCe91f909FE4F83D3405C6691053d,340,true,0,0,(khong),16,2
off-chain (ADV),2026-09-12T22:07:43.781Z,2ec59fc9522059b44a23c3a62e6926a48311e8c1,1337,500,340,24560340,0x8D9162b06B1DF701e5ba1d10E5DEb28EE2DEAF88,341,true,0,0,(khong),16,2
off-chain (ADV),2026-09-12T22:07:43.781Z,2ec59fc9522059b44a23c3a62e6926a48311e8c1,1337,500,341,24560341,0xC08a5a0faf803B586288adf8D397CA8709Da024F,342,true,0,0,(khong),16,2
off-chain (ADV),2026-09-12T22:07:43.781Z,2ec59fc9522059b44a23c3a62e6926a48311e8c1,1337,500,342,24560342,0x2aFcaa4766226F1DD809B52AD34FB02900D2748d,343,true,0,0,(khong),16,2
off-chain (ADV),2026-09-12T22:07:43.781Z,2ec59fc9522059b44a23c3a62e6926a48311e8c1,1337,500,343,24560343,0xB994c0D44D2065BF95feE15A16A565723666E3AE,344,true,0,0,(khong),16,2
off-chain (ADV),2026-09-12T22:07:43.781Z,2ec59fc9522059b44a23c3a62e6926a48311e8c1,1337,500,344,24560344,0x9001DCf410755D30654edd0c9F40fF5aCB1f70BF,345,true,0,0,(khong),16,2
off-chain (ADV),2026-09-12T22:07:43.781Z,2ec59fc9522059b44a23c3a62e6926a48311e8c1,1337,500,345,24560345,0x701eaaA548c4614026E6A2870b57bCB2cA108Ad3,346,true,0,0,(khong),16,2
off-chain (ADV),2026-09-12T22:07:43.781Z,2ec59fc9522059b44a23c3a62e6926a48311e8c1,1337,500,346,24560346,0x7374C161Ca6DF696a9d99f2A28fd152dC846Fd6D,347,true,0,0,(khong),16,2
off-chain (ADV),2026-09-12T22:07:43.781Z,2ec59fc9522059b44a23c3a62e6926a48311e8c1,1337,500,347,24560347,0x5fBe3e41D9529f5e3d26cacCb7e597725426FBF0,348,true,0,0,(khong),16,2
off-chain (ADV),2026-09-12T22:07:43.781Z,2ec59fc9522059b44a23c3a62e6926a48311e8c1,1337,500,348,24560348,0x6172f71595cF4FcC8321551a7E14B1aE4B6386A8,349,true,0,0,(khong),16,2
off-chain (ADV),2026-09-12T22:07:43.781Z,2ec59fc9522059b44a23c3a62e6926a48311e8c1,1337,500,349,24560349,0x17dAd752B9B470D960cfD7785846EE6dee3BA058,350,true,0,0,(khong),16,2
off-chain (ADV),2026-09-12T22:07:43.781Z,2ec59fc9522059b44a23c3a62e6926a48311e8c1,1337,500,350,24560350,0x396881CcECdb42632Fe6ED788CF1De289645d2e2,351,true,0,0,(khong),16,2
off-chain (ADV),2026-09-12T22:07:43.781Z,2ec59fc9522059b44a23c3a62e6926a48311e8c1,1337,500,351,24560351,0xBBAB04d10bA6B745dCBac419CB4eB0A75cE7Ca87,352,true,0,0,(khong),16,2
off-chain (ADV),2026-09-12T22:07:43.781Z,2ec59fc9522059b44a23c3a62e6926a48311e8c1,1337,500,352,24560352,0x2e4A74A5C1743dD41D6b2e9aA061494Aae4434BF,353,true,0,0,(khong),16,2
off-chain (ADV),2026-09-12T22:07:43.781Z,2ec59fc9522059b44a23c3a62e6926a48311e8c1,1337,500,353,24560353,0xd7e8e9c8B80EBf31a48c5381D38c0d73a1758033,354,true,0,0,(khong),16,2
off-chain (ADV),2026-09-12T22:07:43.781Z,2ec59fc9522059b44a23c3a62e6926a48311e8c1,1337,500,354,24560354,0x04BBf30F5363fE8458916A324C8342DE4ceC237F,355,true,0,0,(khong),16,2
off-chain (ADV),2026-09-12T22:07:43.781Z,2ec59fc9522059b44a23c3a62e6926a48311e8c1,1337,500,355,24560355,0xA0121fbBbaa054e2169c39dA9BBa438e9B737D87,356,true,0,0,(khong),16,2
off-chain (ADV),2026-09-12T22:07:43.781Z,2ec59fc9522059b44a23c3a62e6926a48311e8c1,1337,500,356,24560356,0x2351132b26E7BB6b066E6Fc7e198e67c7D51932E,357,true,0,0,(khong),16,2
off-chain (ADV),2026-09-12T22:07:43.781Z,2ec59fc9522059b44a23c3a62e6926a48311e8c1,1337,500,357,24560357,0x6EB0ce8561089F7bEBa1E00EfaA265D5CA97288A,358,true,0,0,(khong),16,2
off-chain (ADV),2026-09-12T22:07:43.781Z,2ec59fc9522059b44a23c3a62e6926a48311e8c1,1337,500,358,24560358,0xCe8a0a61C1eEd440A24Ec3d40247B87F72513e31,359,true,0,0,(khong),16,2
off-chain (ADV),2026-09-12T22:07:43.781Z,2ec59fc9522059b44a23c3a62e6926a48311e8c1,1337,500,359,24560359,0x0Ae8AD869F38E24403b546Bea23a5735F9aBaECD,360,true,0,0,(khong),16,2
off-chain (ADV),2026-09-12T22:07:43.781Z,2ec59fc9522059b44a23c3a62e6926a48311e8c1,1337,500,360,24560360,0xB37a9B65c2e71C4A312aC837d0781de2F08abAbC,361,true,0,0,(khong),16,2
off-chain (ADV),2026-09-12T22:07:43.781Z,2ec59fc9522059b44a23c3a62e6926a48311e8c1,1337,500,361,24560361,0xbe42916AA0CD2Ecc7358Be03E59d4B35fd2CB1e8,362,true,0,0,(khong),16,2
off-chain (ADV),2026-09-12T22:07:43.781Z,2ec59fc9522059b44a23c3a62e6926a48311e8c1,1337,500,362,24560362,0x0D7fa976Af5C34160806c602e92A9Cc5EDA7d1da,363,true,0,0,(khong),16,2
off-chain (ADV),2026-09-12T22:07:43.781Z,2ec59fc9522059b44a23c3a62e6926a48311e8c1,1337,500,363,24560363,0x645Ee23FbC2d0cB08C564fa570Fd897505080E17,364,true,0,0,(khong),16,2
off-chain (ADV),2026-09-12T22:07:43.781Z,2ec59fc9522059b44a23c3a62e6926a48311e8c1,1337,500,364,24560364,0x6d0778092518498506F19a15BdF3f8e1d2632622,365,true,0,0,(khong),16,2
off-chain (ADV),2026-09-12T22:07:43.781Z,2ec59fc9522059b44a23c3a62e6926a48311e8c1,1337,500,365,24560365,0x7b2b82ea91819493105066022bc09C4913635756,366,true,0,0,(khong),16,2
off-chain (ADV),2026-09-12T22:07:43.781Z,2ec59fc9522059b44a23c3a62e6926a48311e8c1,1337,500,366,24560366,0xb6714D77b7d385C1504CBF6406A5579DAc711C7c,367,true,0,0,(khong),16,2
off-chain (ADV),2026-09-12T22:07:43.781Z,2ec59fc9522059b44a23c3a62e6926a48311e8c1,1337,500,367,24560367,0x0d6878c5FdD418a0b81e3f29d4F0B24C48b001e4,368,true,0,0,(khong),16,2
off-chain (ADV),2026-09-12T22:07:43.781Z,2ec59fc9522059b44a23c3a62e6926a48311e8c1,1337,500,368,24560368,0x8B5Fa36C21D751dB989163fBB3eA6DC78e337B8B,369,true,0,0,(khong),16,2
off-chain (ADV),2026-09-12T22:07:43.781Z,2ec59fc9522059b44a23c3a62e6926a48311e8c1,1337,500,369,24560369,0xe85Cc869e8841bF891d76c5641CfF25AfbA2d6f4,370,true,0,0,(khong),16,2
off-chain (ADV),2026-09-12T22:07:43.781Z,2ec59fc9522059b44a23c3a62e6926a48311e8c1,1337,500,370,24560370,0x64E1726Fad93BE59A5e54037Bb56f82e4217F2a6,371,true,0,0,(khong),16,2
off-chain (ADV),2026-09-12T22:07:43.781Z,2ec59fc9522059b44a23c3a62e6926a48311e8c1,1337,500,371,24560371,0x5A657df2310157c07820FA51eD7d0CbC6241542D,372,true,0,0,(khong),16,2
off-chain (ADV),2026-09-12T22:07:43.781Z,2ec59fc9522059b44a23c3a62e6926a48311e8c1,1337,500,372,24560372,0x4c96dc6d6E03c7e3A2FD0E0dDAa51DcFEb32964e,373,true,0,0,(khong),16,2
off-chain (ADV),2026-09-12T22:07:43.781Z,2ec59fc9522059b44a23c3a62e6926a48311e8c1,1337,500,373,24560373,0x257675FDdddf23B8d8d73C8c660c980aeB540060,374,true,0,0,(khong),16,2
off-chain (ADV),2026-09-12T22:07:43.781Z,2ec59fc9522059b44a23c3a62e6926a48311e8c1,1337,500,374,24560374,0x3c96d50e5714768B652f33458f547a63750b6693,375,true,0,0,(khong),16,2
off-chain (ADV),2026-09-12T22:07:43.781Z,2ec59fc9522059b44a23c3a62e6926a48311e8c1,1337,500,375,24560375,0xf4923A2264246532586350a639E59ab042192f9D,376,true,0,0,(khong),16,2
off-chain (ADV),2026-09-12T22:07:43.781Z,2ec59fc9522059b44a23c3a62e6926a48311e8c1,1337,500,376,24560376,0xC027cA3FE4874A4F18F4a1D3E452EC74e4699B68,377,true,0,0,(khong),16,2
off-chain (ADV),2026-09-12T22:07:43.781Z,2ec59fc9522059b44a23c3a62e6926a48311e8c1,1337,500,377,24560377,0x1fDE2A968db3289A348013F9BB96e8d9F0aC50f8,378,true,0,0,(khong),16,2
off-chain (ADV),2026-09-12T22:07:43.781Z,2ec59fc9522059b44a23c3a62e6926a48311e8c1,1337,500,378,24560378,0x80bd0CE658663aC0921a393f0A07C84875D13166,379,true,0,0,(khong),16,2
off-chain (ADV),2026-09-12T22:07:43.781Z,2ec59fc9522059b44a23c3a62e6926a48311e8c1,1337,500,379,24560379,0x0528DCDbeACbD77FA7b0D2769EfB906bb925fE2B,380,true,0,0,(khong),16,2
off-chain (ADV),2026-09-12T22:07:43.781Z,2ec59fc9522059b44a23c3a62e6926a48311e8c1,1337,500,380,24560380,0xeC6701e30D24f14348f8706EFe0fbd359DA54871,381,true,0,0,(khong),16,2
off-chain (ADV),2026-09-12T22:07:43.781Z,2ec59fc9522059b44a23c3a62e6926a48311e8c1,1337,500,381,24560381,0xEC39a781ED5AdD10Fb76243088a220C7AD78CC73,382,true,0,0,(khong),16,2
off-chain (ADV),2026-09-12T22:07:43.781Z,2ec59fc9522059b44a23c3a62e6926a48311e8c1,1337,500,382,24560382,0xC2A69354f5f76c6E93f823EdE8Ca3e599dBa57a1,383,true,0,0,(khong),16,2
off-chain (ADV),2026-09-12T22:07:43.781Z,2ec59fc9522059b44a23c3a62e6926a48311e8c1,1337,500,383,24560383,0x55Ff96496cfdE24BAcFCeFacA22C625aDEca05a7,384,true,0,0,(khong),16,2
off-chain (ADV),2026-09-12T22:07:43.781Z,2ec59fc9522059b44a23c3a62e6926a48311e8c1,1337,500,384,24560384,0x158dbBcC911Eee7B56f2fc71f167952602685Aa8,385,true,0,0,(khong),16,2
off-chain (ADV),2026-09-12T22:07:43.781Z,2ec59fc9522059b44a23c3a62e6926a48311e8c1,1337,500,385,24560385,0x5E6E7BCE22571E2Cd5e4764B10bfa38C76Fbb5d7,386,true,0,0,(khong),16,2
off-chain (ADV),2026-09-12T22:07:43.781Z,2ec59fc9522059b44a23c3a62e6926a48311e8c1,1337,500,386,24560386,0x22bb7fC72f045EC0CF5377B6354F37f48EE99B0A,387,true,0,0,(khong),16,2
off-chain (ADV),2026-09-12T22:07:43.781Z,2ec59fc9522059b44a23c3a62e6926a48311e8c1,1337,500,387,24560387,0xf9B4eaaB82202D7cc2FB961D1846a223d2cD9464,388,true,0,0,(khong),16,2
off-chain (ADV),2026-09-12T22:07:43.781Z,2ec59fc9522059b44a23c3a62e6926a48311e8c1,1337,500,388,24560388,0xE9e66755ffAEeA84C1e978a1C4C37066418d9216,389,true,0,0,(khong),16,2
off-chain (ADV),2026-09-12T22:07:43.781Z,2ec59fc9522059b44a23c3a62e6926a48311e8c1,1337,500,389,24560389,0x2379118257b27d0904A8dA3a7046eed82031B501,390,true,0,0,(khong),16,2
off-chain (ADV),2026-09-12T22:07:43.781Z,2ec59fc9522059b44a23c3a62e6926a48311e8c1,1337,500,390,24560390,0x645C3E66296eeDEBF3994bBe4184E46d1430baA6,391,true,0,0,(khong),16,2
off-chain (ADV),2026-09-12T22:07:43.781Z,2ec59fc9522059b44a23c3a62e6926a48311e8c1,1337,500,391,24560391,0xDD75C65EED1E304c2217A8CfB1bD437789DA1b25,392,true,0,0,(khong),16,2
off-chain (ADV),2026-09-12T22:07:43.781Z,2ec59fc9522059b44a23c3a62e6926a48311e8c1,1337,500,392,24560392,0xD1600417C4c07132F368FFA97C245901d73790eE,393,true,0,0,(khong),16,2
off-chain (ADV),2026-09-12T22:07:43.781Z,2ec59fc9522059b44a23c3a62e6926a48311e8c1,1337,500,393,24560393,0x3cc17e222A329B8bEe6a0AE054F33519da700e10,394,true,0,0,(khong),16,2
off-chain (ADV),2026-09-12T22:07:43.781Z,2ec59fc9522059b44a23c3a62e6926a48311e8c1,1337,500,394,24560394,0x73A6d24527f1e99c08F6eaaf882DDd570E47151C,395,true,0,0,(khong),16,2
off-chain (ADV),2026-09-12T22:07:43.781Z,2ec59fc9522059b44a23c3a62e6926a48311e8c1,1337,500,395,24560395,0xd945517c61Cbd2cb77CbB728C174a147884fc6A4,396,true,0,0,(khong),16,2
off-chain (ADV),2026-09-12T22:07:43.781Z,2ec59fc9522059b44a23c3a62e6926a48311e8c1,1337,500,396,24560396,0xdA38d34202eB9018A846bB716fb65E39fC2fdab6,397,true,0,0,(khong),16,2
off-chain (ADV),2026-09-12T22:07:43.781Z,2ec59fc9522059b44a23c3a62e6926a48311e8c1,1337,500,397,24560397,0x75dE84A99744d4b1ea45e202D979d89D47B58c18,398,true,0,0,(khong),16,2
off-chain (ADV),2026-09-12T22:07:43.781Z,2ec59fc9522059b44a23c3a62e6926a48311e8c1,1337,500,398,24560398,0x0c2821BB3C6132f4FB54AEA2a530842A534fd59c,399,true,0,0,(khong),16,2
off-chain (ADV),2026-09-12T22:07:43.781Z,2ec59fc9522059b44a23c3a62e6926a48311e8c1,1337,500,399,24560399,0x83AfAa2C19f02c68ac379bac1B4d2e4CA0D35c8b,400,true,0,0,(khong),16,2
off-chain (ADV),2026-09-12T22:07:43.781Z,2ec59fc9522059b44a23c3a62e6926a48311e8c1,1337,500,400,24560400,0x16090Da04108a90841F8B1F446A7d3D71429AF52,401,true,0,0,(khong),16,2
off-chain (ADV),2026-09-12T22:07:43.781Z,2ec59fc9522059b44a23c3a62e6926a48311e8c1,1337,500,401,24560401,0x7590f25c268393aD6683d6B5fE6C64fdc71A7461,402,true,0,0,(khong),16,2
off-chain (ADV),2026-09-12T22:07:43.781Z,2ec59fc9522059b44a23c3a62e6926a48311e8c1,1337,500,402,24560402,0x828DA46e6c8552FE0A43aa9756ed1Bc3172bc139,403,true,0,0,(khong),16,2
off-chain (ADV),2026-09-12T22:07:43.781Z,2ec59fc9522059b44a23c3a62e6926a48311e8c1,1337,500,403,24560403,0x677C808f267C5f9477f120c28b57135Ff6a5B856,404,true,0,0,(khong),16,2
off-chain (ADV),2026-09-12T22:07:43.781Z,2ec59fc9522059b44a23c3a62e6926a48311e8c1,1337,500,404,24560404,0x6DAa67680f3f935f2c2e429217E5597b6d7dE343,405,true,0,0,(khong),16,2
off-chain (ADV),2026-09-12T22:07:43.781Z,2ec59fc9522059b44a23c3a62e6926a48311e8c1,1337,500,405,24560405,0xFFC118B91DaBf5f2e9579fDDF7A01FB85dF9bddc,406,true,0,0,(khong),16,2
off-chain (ADV),2026-09-12T22:07:43.781Z,2ec59fc9522059b44a23c3a62e6926a48311e8c1,1337,500,406,24560406,0x650d75C491A1e17A5779a9013202883A62b7cAab,407,true,0,0,(khong),16,2
off-chain (ADV),2026-09-12T22:07:43.781Z,2ec59fc9522059b44a23c3a62e6926a48311e8c1,1337,500,407,24560407,0x942e2f9af12a68fde84f7918F37B9A956b642D54,408,true,0,0,(khong),16,2
off-chain (ADV),2026-09-12T22:07:43.781Z,2ec59fc9522059b44a23c3a62e6926a48311e8c1,1337,500,408,24560408,0x0e4C25a010B432Cf6B1259E82FB044A2f97ab07C,409,true,0,0,(khong),16,2
off-chain (ADV),2026-09-12T22:07:43.781Z,2ec59fc9522059b44a23c3a62e6926a48311e8c1,1337,500,409,24560409,0x3142c95C90594e1E9A0d5be790b3C179B5E47502,410,true,0,0,(khong),16,2
off-chain (ADV),2026-09-12T22:07:43.781Z,2ec59fc9522059b44a23c3a62e6926a48311e8c1,1337,500,410,24560410,0xEeee22F8223BBF6dd79C4Ff51eFEA4D884AEA6D1,411,true,0,0,(khong),16,2
off-chain (ADV),2026-09-12T22:07:43.781Z,2ec59fc9522059b44a23c3a62e6926a48311e8c1,1337,500,411,24560411,0x57539678655de07A9769f862975613bc4dAd6383,412,true,0,0,(khong),16,2
off-chain (ADV),2026-09-12T22:07:43.781Z,2ec59fc9522059b44a23c3a62e6926a48311e8c1,1337,500,412,24560412,0xb044714dED1b255De74f9ac49023136d406C890c,413,true,0,0,(khong),16,2
off-chain (ADV),2026-09-12T22:07:43.781Z,2ec59fc9522059b44a23c3a62e6926a48311e8c1,1337,500,413,24560413,0xCB478e3A62E836A45F8A44252e6519DB07097484,414,true,0,0,(khong),16,2
off-chain (ADV),2026-09-12T22:07:43.781Z,2ec59fc9522059b44a23c3a62e6926a48311e8c1,1337,500,414,24560414,0x05f982591D796415373C300Ee7351C808bde138b,415,true,0,0,(khong),16,2
off-chain (ADV),2026-09-12T22:07:43.781Z,2ec59fc9522059b44a23c3a62e6926a48311e8c1,1337,500,415,24560415,0xfF06675c29f609F7b9dA885178a3e336C636517a,416,true,0,0,(khong),16,2
off-chain (ADV),2026-09-12T22:07:43.781Z,2ec59fc9522059b44a23c3a62e6926a48311e8c1,1337,500,416,24560416,0xFA6C64522575efa19a8D049993800b2A34A3dBce,417,true,0,0,(khong),16,2
off-chain (ADV),2026-09-12T22:07:43.781Z,2ec59fc9522059b44a23c3a62e6926a48311e8c1,1337,500,417,24560417,0xe7A052c7D8d71bE28f9b40cfe36870AA86C15994,418,true,0,0,(khong),16,2
off-chain (ADV),2026-09-12T22:07:43.781Z,2ec59fc9522059b44a23c3a62e6926a48311e8c1,1337,500,418,24560418,0x43Af62ede0B0e1F02DAF5bD720FF3417d7D16F46,419,true,0,0,(khong),16,2
off-chain (ADV),2026-09-12T22:07:43.781Z,2ec59fc9522059b44a23c3a62e6926a48311e8c1,1337,500,419,24560419,0x9D8bDd7C2128d9434a1DDe79b402741Ef952f8f7,420,true,0,0,(khong),16,2
off-chain (ADV),2026-09-12T22:07:43.781Z,2ec59fc9522059b44a23c3a62e6926a48311e8c1,1337,500,420,24560420,0x8d5e5ceaD37703955cF1C25659acDcbFcD5d43dF,421,true,0,0,(khong),16,2
off-chain (ADV),2026-09-12T22:07:43.781Z,2ec59fc9522059b44a23c3a62e6926a48311e8c1,1337,500,421,24560421,0xd20Bbbbc2bd4871Ce2721d1eF4ce081fF6562FB4,422,true,0,0,(khong),16,2
off-chain (ADV),2026-09-12T22:07:43.781Z,2ec59fc9522059b44a23c3a62e6926a48311e8c1,1337,500,422,24560422,0x8fe03DD98b08f85C764abbA3dc27d10ECA67A9b6,423,true,0,0,(khong),16,2
off-chain (ADV),2026-09-12T22:07:43.781Z,2ec59fc9522059b44a23c3a62e6926a48311e8c1,1337,500,423,24560423,0x88332650a50b896256e4Ca7C7a716964639A7960,424,true,0,0,(khong),16,2
off-chain (ADV),2026-09-12T22:07:43.781Z,2ec59fc9522059b44a23c3a62e6926a48311e8c1,1337,500,424,24560424,0x29aC5e9557eC7203B18D725075084758f274035c,425,true,0,0,(khong),16,2
off-chain (ADV),2026-09-12T22:07:43.781Z,2ec59fc9522059b44a23c3a62e6926a48311e8c1,1337,500,425,24560425,0x8A69bb0F84010707c37A6cF2cD8276c568a54fF3,426,true,0,0,(khong),16,2
off-chain (ADV),2026-09-12T22:07:43.781Z,2ec59fc9522059b44a23c3a62e6926a48311e8c1,1337,500,426,24560426,0xc3FBA2A2165A59d483E84cC7CAf4820C454C86c9,427,true,0,0,(khong),16,2
off-chain (ADV),2026-09-12T22:07:43.781Z,2ec59fc9522059b44a23c3a62e6926a48311e8c1,1337,500,427,24560427,0x3d0D0aac13Af3A506Df537bB5975a8C0af8AEB08,428,true,0,0,(khong),16,2
off-chain (ADV),2026-09-12T22:07:43.781Z,2ec59fc9522059b44a23c3a62e6926a48311e8c1,1337,500,428,24560428,0x61709555f464E725d8D5831492DA470FE95EC223,429,true,0,0,(khong),16,2
off-chain (ADV),2026-09-12T22:07:43.781Z,2ec59fc9522059b44a23c3a62e6926a48311e8c1,1337,500,429,24560429,0x135Eb89cF9e0B7843996A945700de854d972Baf5,430,true,0,0,(khong),16,2
off-chain (ADV),2026-09-12T22:07:43.781Z,2ec59fc9522059b44a23c3a62e6926a48311e8c1,1337,500,430,24560430,0xc9931C0a04d7BCAb297Ce8CdF26B0e0D88446319,431,true,0,0,(khong),16,2
off-chain (ADV),2026-09-12T22:07:43.781Z,2ec59fc9522059b44a23c3a62e6926a48311e8c1,1337,500,431,24560431,0x5eE0A3C30D829a448112cBFfa4aAa682480746D0,432,true,0,0,(khong),16,2
off-chain (ADV),2026-09-12T22:07:43.781Z,2ec59fc9522059b44a23c3a62e6926a48311e8c1,1337,500,432,24560432,0xc42c2339e5dbF4CC9f85Ffc0ae3224E1D4F0A100,433,true,0,0,(khong),16,2
off-chain (ADV),2026-09-12T22:07:43.781Z,2ec59fc9522059b44a23c3a62e6926a48311e8c1,1337,500,433,24560433,0x4FbEF22F799Dd875180715a7Cacd96A2F43893BA,434,true,0,0,(khong),16,2
off-chain (ADV),2026-09-12T22:07:43.781Z,2ec59fc9522059b44a23c3a62e6926a48311e8c1,1337,500,434,24560434,0xa11564f877ac9C55454EC399d3C738cc4c63D9d2,435,true,0,0,(khong),16,2
off-chain (ADV),2026-09-12T22:07:43.781Z,2ec59fc9522059b44a23c3a62e6926a48311e8c1,1337,500,435,24560435,0xaF4f65C74d6B8c3818c2d48418E6D9ecf7011A07,436,true,0,0,(khong),16,2
off-chain (ADV),2026-09-12T22:07:43.781Z,2ec59fc9522059b44a23c3a62e6926a48311e8c1,1337,500,436,24560436,0x5bE7E429b6036c9acB6C8D72bea360d4685FEa91,437,true,0,0,(khong),16,2
off-chain (ADV),2026-09-12T22:07:43.781Z,2ec59fc9522059b44a23c3a62e6926a48311e8c1,1337,500,437,24560437,0xe39712E93801eA2e12aF78C82ace54253285D7F4,438,true,0,0,(khong),16,2
off-chain (ADV),2026-09-12T22:07:43.781Z,2ec59fc9522059b44a23c3a62e6926a48311e8c1,1337,500,438,24560438,0xE7E8B648aC6CF4F1FDaFE864C55E300C4AB4b725,439,true,0,0,(khong),16,2
off-chain (ADV),2026-09-12T22:07:43.781Z,2ec59fc9522059b44a23c3a62e6926a48311e8c1,1337,500,439,24560439,0x7bD1F01f25Bd891c22FD9F336d4D92470350C01a,440,true,0,0,(khong),16,2
off-chain (ADV),2026-09-12T22:07:43.781Z,2ec59fc9522059b44a23c3a62e6926a48311e8c1,1337,500,440,24560440,0x0B41f309e7f6E586d00f5301bd3804221900423D,441,true,0,0,(khong),16,2
off-chain (ADV),2026-09-12T22:07:43.781Z,2ec59fc9522059b44a23c3a62e6926a48311e8c1,1337,500,441,24560441,0xcee401F09A9fdF27985c0730659538BCFF78B41F,442,true,0,0,(khong),16,2
off-chain (ADV),2026-09-12T22:07:43.781Z,2ec59fc9522059b44a23c3a62e6926a48311e8c1,1337,500,442,24560442,0x58377032B51722C0E4F860A5BAdbddCdA9F1a22e,443,true,0,0,(khong),16,2
off-chain (ADV),2026-09-12T22:07:43.781Z,2ec59fc9522059b44a23c3a62e6926a48311e8c1,1337,500,443,24560443,0x5B54D9c862185E03E925E186Fd966294596AB1f8,444,true,0,0,(khong),16,2
off-chain (ADV),2026-09-12T22:07:43.781Z,2ec59fc9522059b44a23c3a62e6926a48311e8c1,1337,500,444,24560444,0xD5c64Bc26f3b34c581133C0aCbCE5C7151db2b9A,445,true,0,0,(khong),16,2
off-chain (ADV),2026-09-12T22:07:43.781Z,2ec59fc9522059b44a23c3a62e6926a48311e8c1,1337,500,445,24560445,0x8770737EF6bad8380AF803f1908AF6EB734Bc5e2,446,true,0,0,(khong),16,2
off-chain (ADV),2026-09-12T22:07:43.781Z,2ec59fc9522059b44a23c3a62e6926a48311e8c1,1337,500,446,24560446,0x7b2e51674EdEC72468FF6f536C3D8f775E926340,447,true,0,0,(khong),16,2
off-chain (ADV),2026-09-12T22:07:43.781Z,2ec59fc9522059b44a23c3a62e6926a48311e8c1,1337,500,447,24560447,0x8F8371A8471F4376c4B3541a39a17eaf52086d99,448,true,0,0,(khong),16,2
off-chain (ADV),2026-09-12T22:07:43.781Z,2ec59fc9522059b44a23c3a62e6926a48311e8c1,1337,500,448,24560448,0x68BCC5C1C0Bf0b21aa05cde3e12a0B30C16734DF,449,true,0,0,(khong),16,2
off-chain (ADV),2026-09-12T22:07:43.781Z,2ec59fc9522059b44a23c3a62e6926a48311e8c1,1337,500,449,24560449,0xdB37EA5e1cA36cac178DD10C1BF264328B62d519,450,true,0,0,(khong),16,2
off-chain (ADV),2026-09-12T22:07:43.781Z,2ec59fc9522059b44a23c3a62e6926a48311e8c1,1337,500,450,24560450,0x3883969EA76CD67EE4aD061Ad89e04E3E7DCD212,451,true,0,0,(khong),16,2
off-chain (ADV),2026-09-12T22:07:43.781Z,2ec59fc9522059b44a23c3a62e6926a48311e8c1,1337,500,451,24560451,0x2Bb5b534D745c20312904cc58Ac1335085126DDC,452,true,0,0,(khong),16,2
off-chain (ADV),2026-09-12T22:07:43.781Z,2ec59fc9522059b44a23c3a62e6926a48311e8c1,1337,500,452,24560452,0x26214102E3D3e632631154cFB3AE4a59674718e0,453,true,0,0,(khong),16,2
off-chain (ADV),2026-09-12T22:07:43.781Z,2ec59fc9522059b44a23c3a62e6926a48311e8c1,1337,500,453,24560453,0xE7174FdE5359fab20515A3C7B74aCD10Ed9179f6,454,true,0,0,(khong),16,2
off-chain (ADV),2026-09-12T22:07:43.781Z,2ec59fc9522059b44a23c3a62e6926a48311e8c1,1337,500,454,24560454,0x754cCE7b0e6a64244076eB8F62D3133a153d3E9F,455,true,0,0,(khong),16,2
off-chain (ADV),2026-09-12T22:07:43.781Z,2ec59fc9522059b44a23c3a62e6926a48311e8c1,1337,500,455,24560455,0x17995e4a29d21dc878cB004Be5037E0FDbFcc374,456,true,0,0,(khong),16,2
off-chain (ADV),2026-09-12T22:07:43.781Z,2ec59fc9522059b44a23c3a62e6926a48311e8c1,1337,500,456,24560456,0x8EC7B125d0489743284e35C11f6c1818B5c19Dfd,457,true,0,0,(khong),16,2
off-chain (ADV),2026-09-12T22:07:43.781Z,2ec59fc9522059b44a23c3a62e6926a48311e8c1,1337,500,457,24560457,0x60054A16c1789f54AC9987c12C6402Fe8b195606,458,true,0,0,(khong),16,2
off-chain (ADV),2026-09-12T22:07:43.781Z,2ec59fc9522059b44a23c3a62e6926a48311e8c1,1337,500,458,24560458,0xa65cDcF32357eb3260d8074e46b4Da00764Add40,459,true,0,0,(khong),16,2
off-chain (ADV),2026-09-12T22:07:43.781Z,2ec59fc9522059b44a23c3a62e6926a48311e8c1,1337,500,459,24560459,0x854FaB273c8455ba5B52e85de99478320e622C82,460,true,0,0,(khong),16,2
off-chain (ADV),2026-09-12T22:07:43.781Z,2ec59fc9522059b44a23c3a62e6926a48311e8c1,1337,500,460,24560460,0xCB52E65277dFb283903556910E7F2944304cF59C,461,true,0,0,(khong),16,2
off-chain (ADV),2026-09-12T22:07:43.781Z,2ec59fc9522059b44a23c3a62e6926a48311e8c1,1337,500,461,24560461,0x0f9345218c4c0885e71EcB38E91f0C19c02B31f0,462,true,0,0,(khong),16,2
off-chain (ADV),2026-09-12T22:07:43.781Z,2ec59fc9522059b44a23c3a62e6926a48311e8c1,1337,500,462,24560462,0x63Baa8FBCA689c18b5C44A2fD999323A1327B4BD,463,true,0,0,(khong),16,2
off-chain (ADV),2026-09-12T22:07:43.781Z,2ec59fc9522059b44a23c3a62e6926a48311e8c1,1337,500,463,24560463,0xc80F5Cf712EA9B5Bbd53B3313bF948ee5Db344AF,464,true,0,0,(khong),16,2
off-chain (ADV),2026-09-12T22:07:43.781Z,2ec59fc9522059b44a23c3a62e6926a48311e8c1,1337,500,464,24560464,0xCB5cbB1C3678EDC10370eDF68a701d5335776Dbb,465,true,0,0,(khong),16,2
off-chain (ADV),2026-09-12T22:07:43.781Z,2ec59fc9522059b44a23c3a62e6926a48311e8c1,1337,500,465,24560465,0x10047d0FD95E0B8bA78694C6Bd7331a9cE3CC7A3,466,true,0,0,(khong),16,2
off-chain (ADV),2026-09-12T22:07:43.781Z,2ec59fc9522059b44a23c3a62e6926a48311e8c1,1337,500,466,24560466,0x9767B5023E1E03D28Dac158657b9B9E9F816a1Ef,467,true,0,0,(khong),16,2
off-chain (ADV),2026-09-12T22:07:43.781Z,2ec59fc9522059b44a23c3a62e6926a48311e8c1,1337,500,467,24560467,0xf9C429ac8fB77DA478a24D3926Ef194881ba3995,468,true,0,0,(khong),16,2
off-chain (ADV),2026-09-12T22:07:43.781Z,2ec59fc9522059b44a23c3a62e6926a48311e8c1,1337,500,468,24560468,0x6515f27D2Ec7e2124e6B4da0aBf95AA5CD62B3b7,469,true,0,0,(khong),16,2
off-chain (ADV),2026-09-12T22:07:43.781Z,2ec59fc9522059b44a23c3a62e6926a48311e8c1,1337,500,469,24560469,0xF3AF599F4E93C885fFeC2F115AF52Ae3a54217fF,470,true,0,0,(khong),16,2
off-chain (ADV),2026-09-12T22:07:43.781Z,2ec59fc9522059b44a23c3a62e6926a48311e8c1,1337,500,470,24560470,0xFD9C4Afeb0D6A985bee6bB03218fF0892eab8082,471,true,0,0,(khong),16,2
off-chain (ADV),2026-09-12T22:07:43.781Z,2ec59fc9522059b44a23c3a62e6926a48311e8c1,1337,500,471,24560471,0x1F48C5C49E0Ec3110dF86C346f33aC627842C851,472,true,0,0,(khong),16,2
off-chain (ADV),2026-09-12T22:07:43.781Z,2ec59fc9522059b44a23c3a62e6926a48311e8c1,1337,500,472,24560472,0x6c0a37b09BCbB2D0cc94126ea4e1415d322328B0,473,true,0,0,(khong),16,2
off-chain (ADV),2026-09-12T22:07:43.781Z,2ec59fc9522059b44a23c3a62e6926a48311e8c1,1337,500,473,24560473,0xAd68Bc611abFb54B5C08906CFc15308e1a462bC5,474,true,0,0,(khong),16,2
off-chain (ADV),2026-09-12T22:07:43.781Z,2ec59fc9522059b44a23c3a62e6926a48311e8c1,1337,500,474,24560474,0xB8E5fCb03C71BC30AAA2E486708A066274a038Cf,475,true,0,0,(khong),16,2
off-chain (ADV),2026-09-12T22:07:43.781Z,2ec59fc9522059b44a23c3a62e6926a48311e8c1,1337,500,475,24560475,0xE33C701f8af5681820B14b10BAfd55B85B78Fdc4,476,true,0,0,(khong),16,2
off-chain (ADV),2026-09-12T22:07:43.781Z,2ec59fc9522059b44a23c3a62e6926a48311e8c1,1337,500,476,24560476,0xb5ca65fCE52607d874AC40c2b378b81fc16687f7,477,true,0,0,(khong),16,2
off-chain (ADV),2026-09-12T22:07:43.781Z,2ec59fc9522059b44a23c3a62e6926a48311e8c1,1337,500,477,24560477,0xd098E7a78848EC0CD06BA8A3074D597432E48C81,478,true,0,0,(khong),16,2
off-chain (ADV),2026-09-12T22:07:43.781Z,2ec59fc9522059b44a23c3a62e6926a48311e8c1,1337,500,478,24560478,0xB0a5808f96BD972Be7DeBaC7754b73DcE8D05F4e,479,true,0,0,(khong),16,2
off-chain (ADV),2026-09-12T22:07:43.781Z,2ec59fc9522059b44a23c3a62e6926a48311e8c1,1337,500,479,24560479,0xF7A9C554fB01fc3ea5eB6945De644b35De5B5942,480,true,0,0,(khong),16,2
off-chain (ADV),2026-09-12T22:07:43.781Z,2ec59fc9522059b44a23c3a62e6926a48311e8c1,1337,500,480,24560480,0x0d558D3d59870872332D507c94647d4B1a4b00c6,481,true,0,0,(khong),16,2
off-chain (ADV),2026-09-12T22:07:43.781Z,2ec59fc9522059b44a23c3a62e6926a48311e8c1,1337,500,481,24560481,0x21C422E92c3f789C45eFD814e5BDdd59EEdDa2C1,482,true,0,0,(khong),16,2
off-chain (ADV),2026-09-12T22:07:43.781Z,2ec59fc9522059b44a23c3a62e6926a48311e8c1,1337,500,482,24560482,0xdcdEeE40A8e82BB4aB37431a8675ea4441329B81,483,true,0,0,(khong),16,2
off-chain (ADV),2026-09-12T22:07:43.781Z,2ec59fc9522059b44a23c3a62e6926a48311e8c1,1337,500,483,24560483,0x8a3b7CB8a675e15EaB50cC04F9e242D2E55D5471,484,true,0,0,(khong),16,2
off-chain (ADV),2026-09-12T22:07:43.781Z,2ec59fc9522059b44a23c3a62e6926a48311e8c1,1337,500,484,24560484,0x6960A64aa393541102bC995c32bB943437AE44FC,485,true,0,0,(khong),16,2
off-chain (ADV),2026-09-12T22:07:43.781Z,2ec59fc9522059b44a23c3a62e6926a48311e8c1,1337,500,485,24560485,0x17BBc1461f78516d65372209b65e175EA2BB824c,486,true,0,0,(khong),16,2
off-chain (ADV),2026-09-12T22:07:43.781Z,2ec59fc9522059b44a23c3a62e6926a48311e8c1,1337,500,486,24560486,0x9026d4Ceb2750AF6d7585f67bb54c0Fd5da75EB7,487,true,0,0,(khong),16,2
off-chain (ADV),2026-09-12T22:07:43.781Z,2ec59fc9522059b44a23c3a62e6926a48311e8c1,1337,500,487,24560487,0xD555f30411b2A148094706c632822648B4b0bDE1,488,true,0,0,(khong),16,2
off-chain (ADV),2026-09-12T22:07:43.781Z,2ec59fc9522059b44a23c3a62e6926a48311e8c1,1337,500,488,24560488,0x95C8dc63e202C198cF63eB4036bD2A32a01dF1Be,489,true,0,0,(khong),16,2
off-chain (ADV),2026-09-12T22:07:43.781Z,2ec59fc9522059b44a23c3a62e6926a48311e8c1,1337,500,489,24560489,0x6CA3D232eb4084208e8eCDea2Df680c43b2FA5f2,490,true,0,0,(khong),16,2
off-chain (ADV),2026-09-12T22:07:43.781Z,2ec59fc9522059b44a23c3a62e6926a48311e8c1,1337,500,490,24560490,0xc5f77b3ab1C50AEF97C6816bb74300ED21910172,491,true,0,0,(khong),16,2
off-chain (ADV),2026-09-12T22:07:43.781Z,2ec59fc9522059b44a23c3a62e6926a48311e8c1,1337,500,491,24560491,0x6a4c1D82c3D44958783b55e6EAa576Fa8DaE5459,492,true,0,0,(khong),16,2
off-chain (ADV),2026-09-12T22:07:43.781Z,2ec59fc9522059b44a23c3a62e6926a48311e8c1,1337,500,492,24560492,0xf5141e3782975AB79eD6377d65B23E2262442B86,493,true,0,0,(khong),16,2
off-chain (ADV),2026-09-12T22:07:43.781Z,2ec59fc9522059b44a23c3a62e6926a48311e8c1,1337,500,493,24560493,0xe9F82F748044fC1f16d8A8dc1131614D154eb04e,494,true,0,0,(khong),16,2
off-chain (ADV),2026-09-12T22:07:43.781Z,2ec59fc9522059b44a23c3a62e6926a48311e8c1,1337,500,494,24560494,0x0b037A5eAe229206D463FcB5c4ccc1C32ebc3DDf,495,true,0,0,(khong),16,2
off-chain (ADV),2026-09-12T22:07:43.781Z,2ec59fc9522059b44a23c3a62e6926a48311e8c1,1337,500,495,24560495,0xD95EE764ad2eC41CE06b6D37A6798aD7E20fBa1D,496,true,0,0,(khong),16,2
off-chain (ADV),2026-09-12T22:07:43.781Z,2ec59fc9522059b44a23c3a62e6926a48311e8c1,1337,500,496,24560496,0x3a6C544ea7EB301E51f85A7AD836c8bc81C9d223,497,true,0,0,(khong),16,2
off-chain (ADV),2026-09-12T22:07:43.781Z,2ec59fc9522059b44a23c3a62e6926a48311e8c1,1337,500,497,24560497,0x4ED2C64BF3907D2801df9d26156DDcE3bF407a9E,498,true,0,0,(khong),16,2
off-chain (ADV),2026-09-12T22:07:43.781Z,2ec59fc9522059b44a23c3a62e6926a48311e8c1,1337,500,498,24560498,0x87d60Ca295c702c03E65Ce658a304C729f4D230C,499,true,0,0,(khong),16,2
off-chain (ADV),2026-09-12T22:07:43.781Z,2ec59fc9522059b44a23c3a62e6926a48311e8c1,1337,500,499,24560499,0x42cBC74D159f243FAa636759DED727AE3b1D9471,500,true,0,0,(khong),16,2
