mechanism,n,student_index,deploy_pool_gas,deploy_verifier_gas,update_root_gas,verify_gas,verify_onchain_ms,withdraw_gas,withdraw_ms,root,nullifier
offchain,60,0,968565,,118742,,,64667,44.791500,0x3d16e0b44bc8997f0818389a71e565a2a15213cb559b304cddb9b10beefae7bb,0x3910263321b3ae587b0484a7bb25a17807cfb46f75976c85bf0195500d1bb3df
offchain,60,1,968565,,118742,,,64643,44.440200,0x3d16e0b44bc8997f0818389a71e565a2a15213cb559b304cddb9b10beefae7bb,0x15229b9b67b1f3f23a4c2198298184c640980034b0f26e1524221f045ff8a364
offchain,60,2,968565,,118742,,,64667,50.602300,0x3d16e0b44bc8997f0818389a71e565a2a15213cb559b304cddb9b10beefae7bb,0x2543341eb5474f235c6ae6091e9dbeb64f67b89cdaf34d972aca7d0c2e95c4b4
offchain,60,3,968565,,118742,,,64655,45.760000,0x3d16e0b44bc8997f0818389a71e565a2a15213cb559b304cddb9b10beefae7bb,0x1b60dbfc6cdcb07b271d7e90469770f16fb337bd68b921a9b8fb4babfb5200af
offchain,60,4,968565,,118742,,,64655,104.681500,0x3d16e0b44bc8997f0818389a71e565a2a15213cb559b304cddb9b10beefae7bb,0x00ba3647bc608427d639d71a3e79f5a0cefa572b48f76b14f8789e1177d8c80e
offchain,60,5,968565,,118742,,,64667,58.635500,0x3d16e0b44bc8997f0818389a71e565a2a15213cb559b304cddb9b10beefae7bb,0x03abcfb2747a2ce637a454fb3fe48fadc7a79dc56e2fe388963f304cdb8c7117
offchain,60,6,968565,,118742,,,64667,41.056100,0x3d16e0b44bc8997f0818389a71e565a2a15213cb559b304cddb9b10beefae7bb,0x05f6891bcf98bb70ed8caa1c31ffba2d8f6bd96be67b8dc81aff95be1eb15c4e
offchain,60,7,968565,,118742,,,64667,43.742800,0x3d16e0b44bc8997f0818389a71e565a2a15213cb559b304cddb9b10beefae7bb,0x1312ed347fdb2359425ee092e33101d4e1b5ea9f44e11efc6ac74603a1399f68
offchain,60,8,968565,,118742,,,64667,50.028000,0x3d16e0b44bc8997f0818389a71e565a2a15213cb559b304cddb9b10beefae7bb,0x281033a6e06cf2857d09891e624a69474451d2560b98d341202d6dcb488eb409
offchain,60,9,968565,,118742,,,64655,43.119200,0x3d16e0b44bc8997f0818389a71e565a2a15213cb559b304cddb9b10beefae7bb,0x1609bed540bd6a04aa965de1b3e1f5c3acac73b2d78ab819c1b2d44852c0d42e
offchain,60,10,968565,,118742,,,64667,42.069200,0x3d16e0b44bc8997f0818389a71e565a2a15213cb559b304cddb9b10beefae7bb,0x263abb26640cae9a3ff2fcb38663e3350a30cebc2860805195cbf954fb3b750c
offchain,60,11,968565,,118742,,,64655,63.366700,0x3d16e0b44bc8997f0818389a71e565a2a15213cb559b304cddb9b10beefae7bb,0x34157d0fc3e99f5d3964cf9c0ee6b400d84aa2b1ac103b7748938ab8f48eb781
offchain,60,12,968565,,118742,,,64655,75.895300,0x3d16e0b44bc8997f0818389a71e565a2a15213cb559b304cddb9b10beefae7bb,0x00742ec8be61e229b0607cd8b1d1a4ad65292e01ad083791d3095f1160addb50
offchain,60,13,968565,,118742,,,64667,40.312300,0x3d16e0b44bc8997f0818389a71e565a2a15213cb559b304cddb9b10beefae7bb,0x31d403b10e86cda44ac457b7eaa4e86bb182ad70be96698ca18290b5e29bf936
offchain,60,14,968565,,118742,,,64667,49.356200,0x3d16e0b44bc8997f0818389a71e565a2a15213cb559b304cddb9b10beefae7bb,0x3743e51b255e1596e576abc6061a5817c47c147be3c3862f96f9de17fca8eec0
offchain,60,15,968565,,118742,,,64667,49.907200,0x3d16e0b44bc8997f0818389a71e565a2a15213cb559b304cddb9b10beefae7bb,0x3e0744bc01c129b9995c123754f86d16dc8f46b6f64350a7c3dd796e4ca68168
offchain,60,16,968565,,118742,,,64667,44.612200,0x3d16e0b44bc8997f0818389a71e565a2a15213cb559b304cddb9b10beefae7bb,0x21fd69ad03f2c2b2822a18f55854d2b8d360901ebefb4a327fccc4355dbc1015
offchain,60,17,968565,,118742,,,64655,43.803200,0x3d16e0b44bc8997f0818389a71e565a2a15213cb559b304cddb9b10beefae7bb,0x1aac8707596df42727f2485a8b9c990e0044d63af0aea3ee9bd017330a5e61bc
offchain,60,18,968565,,118742,,,64667,41.510700,0x3d16e0b44bc8997f0818389a71e565a2a15213cb559b304cddb9b10beefae7bb,0x2befd0b84e3e5bb3d927986f15f21f192e26f1abc81fc37bf5e8381ace05487b
offchain,60,19,968565,,118742,,,64667,47.482700,0x3d16e0b44bc8997f0818389a71e565a2a15213cb559b304cddb9b10beefae7bb,0x0f40621a45414c975f8e5897c8b99cebcf499da2939bd3ea1e792a8f64be762f
offchain,60,20,968565,,118742,,,64655,39.204300,0x3d16e0b44bc8997f0818389a71e565a2a15213cb559b304cddb9b10beefae7bb,0x0530cffb360f9a073d9b8a491ad4a9756364f3e3bd34abc300308f4a2e2225b7
offchain,60,21,968565,,118742,,,64667,38.504900,0x3d16e0b44bc8997f0818389a71e565a2a15213cb559b304cddb9b10beefae7bb,0x1fb9524f8d0ad4de07b49602df84c22c506ebd53d2611a9e70f2917a5c56d130
offchain,60,22,968565,,118742,,,64667,38.054600,0x3d16e0b44bc8997f0818389a71e565a2a15213cb559b304cddb9b10beefae7bb,0x20e680630d38fbfeb58bb946f11ca9aa7eefc7098312d6515c68636aacc8972e
offchain,60,23,968565,,118742,,,64667,43.276800,0x3d16e0b44bc8997f0818389a71e565a2a15213cb559b304cddb9b10beefae7bb,0x2e83c256518a5e80b6fd4bf05ec3e95550df216ddb2c682f8d63372d4cc25e98
offchain,60,24,968565,,118742,,,64655,46.125600,0x3d16e0b44bc8997f0818389a71e565a2a15213cb559b304cddb9b10beefae7bb,0x260fb6eef4178f7704c861ddd050f296f2717ec75db532c44b3862bb92ae2a77
offchain,60,25,968565,,118742,,,64667,40.937400,0x3d16e0b44bc8997f0818389a71e565a2a15213cb559b304cddb9b10beefae7bb,0x3db359818d1a3e8fc86c6dbf1d4252a39a5903c16a475a4fec2406a5eea95881
offchain,60,26,968565,,118742,,,64655,99.944400,0x3d16e0b44bc8997f0818389a71e565a2a15213cb559b304cddb9b10beefae7bb,0x30901694fdef5b27d1d40fdb1491265b5f848db90c4800e6e9fb4cd9d93ee2b2
offchain,60,27,968565,,118742,,,64667,57.431300,0x3d16e0b44bc8997f0818389a71e565a2a15213cb559b304cddb9b10beefae7bb,0x174f62906f1dbb9f1f3afa4f25ad9eb5db168036a29ec958532f224076fdc363
offchain,60,28,968565,,118742,,,64667,48.145600,0x3d16e0b44bc8997f0818389a71e565a2a15213cb559b304cddb9b10beefae7bb,0x1fc0a6d96a7d88820ee041588b1b5ef8609b71bc257ab32b6b162225168d3491
offchain,60,29,968565,,118742,,,64667,52.125300,0x3d16e0b44bc8997f0818389a71e565a2a15213cb559b304cddb9b10beefae7bb,0x363fd6781ee50654afa441fc80bbfbb31ac2f25ed9750a617575141e0d53e36c
offchain,60,30,968565,,118742,,,64667,43.429600,0x3d16e0b44bc8997f0818389a71e565a2a15213cb559b304cddb9b10beefae7bb,0x10a5e993b47ff106c15c78f60a6b7dffd34d9b914b23f3f1ca1346892fbaf1c2
offchain,60,31,968565,,118742,,,64667,37.431900,0x3d16e0b44bc8997f0818389a71e565a2a15213cb559b304cddb9b10beefae7bb,0x0cfdacb2c4759906431de922cf853e5bc10724d3da29601985ffe3857e03e523
offchain,60,32,968565,,118742,,,64667,51.250800,0x3d16e0b44bc8997f0818389a71e565a2a15213cb559b304cddb9b10beefae7bb,0x3675ba24e9ae2881e490b4a3cefeeedb4545ce1f44ae7ae3f56c01f143f0f10c
offchain,60,33,968565,,118742,,,64667,47.599900,0x3d16e0b44bc8997f0818389a71e565a2a15213cb559b304cddb9b10beefae7bb,0x2319badc2b5ea6b2e1dff8d72d36a9b8af960b8bf3f1e844ac4ebe9f8c64d3ce
offchain,60,34,968565,,118742,,,64667,38.967700,0x3d16e0b44bc8997f0818389a71e565a2a15213cb559b304cddb9b10beefae7bb,0x3a9f2d11102b5acd1538d913ffbc050a42ffbe0345fc7d2e39fd37443d03db2f
offchain,60,35,968565,,118742,,,64667,44.443500,0x3d16e0b44bc8997f0818389a71e565a2a15213cb559b304cddb9b10beefae7bb,0x029fbb6959575dd9e0c6f275642f63bb966025c32014177e7b223e3d5e25c0de
offchain,60,36,968565,,118742,,,64667,37.727900,0x3d16e0b44bc8997f0818389a71e565a2a15213cb559b304cddb9b10beefae7bb,0x16cc161b051629427f201cf38e94649b785cbbc761a2ee1194f847ece4a92647
offchain,60,37,968565,,118742,,,64667,36.011600,0x3d16e0b44bc8997f0818389a71e565a2a15213cb559b304cddb9b10beefae7bb,0x2f19672728e5fcc6279509829a93c504806f4e8f0771ddd324a6e119ee1f2f4b
offchain,60,38,968565,,118742,,,64655,42.437100,0x3d16e0b44bc8997f0818389a71e565a2a15213cb559b304cddb9b10beefae7bb,0x0aad1089951e3cff111f998ab1794ceb671b49a6e41b7b2f1d3c120083ec41e9
offchain,60,39,968565,,118742,,,64667,40.714200,0x3d16e0b44bc8997f0818389a71e565a2a15213cb559b304cddb9b10beefae7bb,0x31dd3c84515354178bf199476b801b1fa3c85885ae551f947ba3106827103851
offchain,60,40,968565,,118742,,,64667,44.881000,0x3d16e0b44bc8997f0818389a71e565a2a15213cb559b304cddb9b10beefae7bb,0x34ac6028281cdd981f02b6d65965384ab10d2dd5041cddfa1c684f69a7278bc1
offchain,60,41,968565,,118742,,,64667,44.681700,0x3d16e0b44bc8997f0818389a71e565a2a15213cb559b304cddb9b10beefae7bb,0x1886bc4151ce37ee0642ae6d30f527369ff39474e2c01e18f226fa06bfc0d069
offchain,60,42,968565,,118742,,,64667,41.000300,0x3d16e0b44bc8997f0818389a71e565a2a15213cb559b304cddb9b10beefae7bb,0x2644f5ae6aff3858dcc11d9db58283ab20e8da522a58fc8f106a5abcd04c96ca
offchain,60,43,968565,,118742,,,64667,52.051300,0x3d16e0b44bc8997f0818389a71e565a2a15213cb559b304cddb9b10beefae7bb,0x0b9301bc5f1e4860d0c0bb0eda398ac61cf3c6fd5463bf5ed008cf780869441d
offchain,60,44,968565,,118742,,,64667,113.993700,0x3d16e0b44bc8997f0818389a71e565a2a15213cb559b304cddb9b10beefae7bb,0x2acccf5fb34e0567d92a2c0cff07f69e75d3df0c2d643fff897570c0dc026223
offchain,60,45,968565,,118742,,,64667,36.924800,0x3d16e0b44bc8997f0818389a71e565a2a15213cb559b304cddb9b10beefae7bb,0x041121bd572cc9bda6a517eeaa8767791136931171e319a336345736634db7b1
offchain,60,46,968565,,118742,,,64667,55.346300,0x3d16e0b44bc8997f0818389a71e565a2a15213cb559b304cddb9b10beefae7bb,0x3c162c79af80f1d35b9f95757b721ba323b4764867ea90f68fa3e7b1b9aae4a7
offchain,60,47,968565,,118742,,,64655,50.663400,0x3d16e0b44bc8997f0818389a71e565a2a15213cb559b304cddb9b10beefae7bb,0x28027ed8587421974c2f24a9582ed5d0a97ca5c7ad64f6b5317f4d6094a82f39
offchain,60,48,968565,,118742,,,64667,50.455400,0x3d16e0b44bc8997f0818389a71e565a2a15213cb559b304cddb9b10beefae7bb,0x2bbe71cfc3f32a691e2492cd35a44eee42b50b7ab324ee649d9aaed5d36a743c
offchain,60,49,968565,,118742,,,64667,41.650900,0x3d16e0b44bc8997f0818389a71e565a2a15213cb559b304cddb9b10beefae7bb,0x2ab2b816a17d6004fb835fa3472991b51befa47795e61581d63a1fc69bbf6dd0
offchain,60,50,968565,,118742,,,64667,43.854600,0x3d16e0b44bc8997f0818389a71e565a2a15213cb559b304cddb9b10beefae7bb,0x126443045ba260a26e45fdcdbeb8ba40d2ea1697d6436c4b0a7274393249f06c
offchain,60,51,968565,,118742,,,64667,35.692400,0x3d16e0b44bc8997f0818389a71e565a2a15213cb559b304cddb9b10beefae7bb,0x383871e98eb666c5c63c5adba480fc1a9f67e1c5c2d2fa4d81b324aa5fe69b50
offchain,60,52,968565,,118742,,,64667,38.637600,0x3d16e0b44bc8997f0818389a71e565a2a15213cb559b304cddb9b10beefae7bb,0x29e82a4f821c59d1c5d4cd62b6bbd357a3a74fb931876bf80f6ef582b1cd8a29
offchain,60,53,968565,,118742,,,64667,33.359900,0x3d16e0b44bc8997f0818389a71e565a2a15213cb559b304cddb9b10beefae7bb,0x2601d1ae9b960ce06e29e1cf7db4d04e75ab6a616df2deacf09789726ca22bdf
offchain,60,54,968565,,118742,,,64667,43.242700,0x3d16e0b44bc8997f0818389a71e565a2a15213cb559b304cddb9b10beefae7bb,0x263c1ff83521cf97823ec4b41a2ff3b07273f74a0cee4d7f9096e27653c68a4f
offchain,60,55,968565,,118742,,,64667,35.492700,0x3d16e0b44bc8997f0818389a71e565a2a15213cb559b304cddb9b10beefae7bb,0x1f9cf590dffcaab8eca674cb6a5168f59a670aa0371cf71fba8530198ad7d806
offchain,60,56,968565,,118742,,,64667,35.301500,0x3d16e0b44bc8997f0818389a71e565a2a15213cb559b304cddb9b10beefae7bb,0x3744adeac5409456debddef5be0627ffc986b498c1363eaee7f8877f9d2c2eaa
offchain,60,57,968565,,118742,,,64667,39.556900,0x3d16e0b44bc8997f0818389a71e565a2a15213cb559b304cddb9b10beefae7bb,0x12276a705dee6bfb24a50edd16945aa1a05095c4208867d0fbf6b189af465029
offchain,60,58,968565,,118742,,,64667,37.624600,0x3d16e0b44bc8997f0818389a71e565a2a15213cb559b304cddb9b10beefae7bb,0x125e1a45ceca2474ec3d87784b166b9b4ad7e9325619fa7ebd9ef357cd0ca8f8
offchain,60,59,968565,,118742,,,64667,40.008000,0x3d16e0b44bc8997f0818389a71e565a2a15213cb559b304cddb9b10beefae7bb,0x05621a77cbef0befc2734e5d45b31a852cfb55b3a848731655f8d9883c6aa0cd
