mechanism,n,student_index,witness_ms,setup_ms,prove_ms,proof_generation_ms,verify_native_ms,verified,proof_bytes,calldata_bytes,root,nullifier,verify_setup_ms
offchain,60,0,0.908600,108.978500,176.477100,177.385700,5.638100,true,3104,,0x3d16e0b44bc8997f0818389a71e565a2a15213cb559b304cddb9b10beefae7bb,0x3910263321b3ae587b0484a7bb25a17807cfb46f75976c85bf0195500d1bb3df,81.881000
offchain,60,1,0.977500,105.299700,164.422400,165.399900,5.553900,true,3104,,0x3d16e0b44bc8997f0818389a71e565a2a15213cb559b304cddb9b10beefae7bb,0x15229b9b67b1f3f23a4c2198298184c640980034b0f26e1524221f045ff8a364,74.282100
offchain,60,2,1.005900,96.766500,160.853600,161.859500,5.920100,true,3104,,0x3d16e0b44bc8997f0818389a71e565a2a15213cb559b304cddb9b10beefae7bb,0x2543341eb5474f235c6ae6091e9dbeb64f67b89cdaf34d972aca7d0c2e95c4b4,75.076300
offchain,60,3,0.968200,98.277300,152.826200,153.794400,5.152000,true,3104,,0x3d16e0b44bc8997f0818389a71e565a2a15213cb559b304cddb9b10beefae7bb,0x1b60dbfc6cdcb07b271d7e90469770f16fb337bd68b921a9b8fb4babfb5200af,70.484400
offchain,60,4,0.958700,103.067800,185.492100,186.450800,6.722700,true,3104,,0x3d16e0b44bc8997f0818389a71e565a2a15213cb559b304cddb9b10beefae7bb,0x00ba3647bc608427d639d71a3e79f5a0cefa572b48f76b14f8789e1177d8c80e,82.985100
offchain,60,5,1.145500,114.473900,211.728300,212.873800,7.543100,true,3104,,0x3d16e0b44bc8997f0818389a71e565a2a15213cb559b304cddb9b10beefae7bb,0x03abcfb2747a2ce637a454fb3fe48fadc7a79dc56e2fe388963f304cdb8c7117,97.050800
offchain,60,6,1.347300,130.894200,234.737600,236.084900,10.046400,true,3104,,0x3d16e0b44bc8997f0818389a71e565a2a15213cb559b304cddb9b10beefae7bb,0x05f6891bcf98bb70ed8caa1c31ffba2d8f6bd96be67b8dc81aff95be1eb15c4e,115.854200
offchain,60,7,1.674700,153.851400,235.259600,236.934300,6.904000,true,3104,,0x3d16e0b44bc8997f0818389a71e565a2a15213cb559b304cddb9b10beefae7bb,0x1312ed347fdb2359425ee092e33101d4e1b5ea9f44e11efc6ac74603a1399f68,94.805600
offchain,60,8,1.419000,128.625500,251.771800,253.190800,7.260700,true,3104,,0x3d16e0b44bc8997f0818389a71e565a2a15213cb559b304cddb9b10beefae7bb,0x281033a6e06cf2857d09891e624a69474451d2560b98d341202d6dcb488eb409,98.123300
offchain,60,9,1.371500,132.904200,214.570400,215.941900,7.644500,true,3104,,0x3d16e0b44bc8997f0818389a71e565a2a15213cb559b304cddb9b10beefae7bb,0x1609bed540bd6a04aa965de1b3e1f5c3acac73b2d78ab819c1b2d44852c0d42e,108.167500
offchain,60,10,1.345600,131.677600,238.082100,239.427700,7.048600,true,3104,,0x3d16e0b44bc8997f0818389a71e565a2a15213cb559b304cddb9b10beefae7bb,0x263abb26640cae9a3ff2fcb38663e3350a30cebc2860805195cbf954fb3b750c,104.785500
offchain,60,11,1.757200,428.080100,185.375200,187.132400,6.749500,true,3104,,0x3d16e0b44bc8997f0818389a71e565a2a15213cb559b304cddb9b10beefae7bb,0x34157d0fc3e99f5d3964cf9c0ee6b400d84aa2b1ac103b7748938ab8f48eb781,86.878100
offchain,60,12,1.278100,120.358200,235.602500,236.880600,8.006100,true,3104,,0x3d16e0b44bc8997f0818389a71e565a2a15213cb559b304cddb9b10beefae7bb,0x00742ec8be61e229b0607cd8b1d1a4ad65292e01ad083791d3095f1160addb50,100.071100
offchain,60,13,1.882700,141.189800,210.466600,212.349300,7.277700,true,3104,,0x3d16e0b44bc8997f0818389a71e565a2a15213cb559b304cddb9b10beefae7bb,0x31d403b10e86cda44ac457b7eaa4e86bb182ad70be96698ca18290b5e29bf936,99.597700
offchain,60,14,1.596000,130.495900,261.168500,262.764500,8.727500,true,3104,,0x3d16e0b44bc8997f0818389a71e565a2a15213cb559b304cddb9b10beefae7bb,0x3743e51b255e1596e576abc6061a5817c47c147be3c3862f96f9de17fca8eec0,104.786000
offchain,60,15,1.287400,127.278800,213.695600,214.983000,7.612300,true,3104,,0x3d16e0b44bc8997f0818389a71e565a2a15213cb559b304cddb9b10beefae7bb,0x3e0744bc01c129b9995c123754f86d16dc8f46b6f64350a7c3dd796e4ca68168,90.517000
offchain,60,16,1.844600,130.303800,223.359700,225.204300,8.165500,true,3104,,0x3d16e0b44bc8997f0818389a71e565a2a15213cb559b304cddb9b10beefae7bb,0x21fd69ad03f2c2b2822a18f55854d2b8d360901ebefb4a327fccc4355dbc1015,98.115900
offchain,60,17,1.611200,145.546700,242.641400,244.252600,7.638500,true,3104,,0x3d16e0b44bc8997f0818389a71e565a2a15213cb559b304cddb9b10beefae7bb,0x1aac8707596df42727f2485a8b9c990e0044d63af0aea3ee9bd017330a5e61bc,93.573900
offchain,60,18,1.278200,124.522200,208.581000,209.859200,7.993800,true,3104,,0x3d16e0b44bc8997f0818389a71e565a2a15213cb559b304cddb9b10beefae7bb,0x2befd0b84e3e5bb3d927986f15f21f192e26f1abc81fc37bf5e8381ace05487b,97.025500
offchain,60,19,1.383500,131.906800,225.099000,226.482500,7.910200,true,3104,,0x3d16e0b44bc8997f0818389a71e565a2a15213cb559b304cddb9b10beefae7bb,0x0f40621a45414c975f8e5897c8b99cebcf499da2939bd3ea1e792a8f64be762f,100.373600
offchain,60,20,1.486800,131.883400,255.036100,256.522900,8.421700,true,3104,,0x3d16e0b44bc8997f0818389a71e565a2a15213cb559b304cddb9b10beefae7bb,0x0530cffb360f9a073d9b8a491ad4a9756364f3e3bd34abc300308f4a2e2225b7,99.240300
offchain,60,21,1.287500,124.868500,202.643400,203.930900,7.445700,true,3104,,0x3d16e0b44bc8997f0818389a71e565a2a15213cb559b304cddb9b10beefae7bb,0x1fb9524f8d0ad4de07b49602df84c22c506ebd53d2611a9e70f2917a5c56d130,97.448400
offchain,60,22,1.329500,128.777500,212.973300,214.302800,7.480300,true,3104,,0x3d16e0b44bc8997f0818389a71e565a2a15213cb559b304cddb9b10beefae7bb,0x20e680630d38fbfeb58bb946f11ca9aa7eefc7098312d6515c68636aacc8972e,95.657600
offchain,60,23,1.338600,134.202900,243.535300,244.873900,6.983900,true,3104,,0x3d16e0b44bc8997f0818389a71e565a2a15213cb559b304cddb9b10beefae7bb,0x2e83c256518a5e80b6fd4bf05ec3e95550df216ddb2c682f8d63372d4cc25e98,99.937100
offchain,60,24,1.436300,122.915600,214.587600,216.023900,7.411000,true,3104,,0x3d16e0b44bc8997f0818389a71e565a2a15213cb559b304cddb9b10beefae7bb,0x260fb6eef4178f7704c861ddd050f296f2717ec75db532c44b3862bb92ae2a77,97.836300
offchain,60,25,1.362500,134.494800,208.900600,210.263100,8.814100,true,3104,,0x3d16e0b44bc8997f0818389a71e565a2a15213cb559b304cddb9b10beefae7bb,0x3db359818d1a3e8fc86c6dbf1d4252a39a5903c16a475a4fec2406a5eea95881,104.099800
offchain,60,26,1.562300,146.308300,209.038900,210.601200,6.572800,true,3104,,0x3d16e0b44bc8997f0818389a71e565a2a15213cb559b304cddb9b10beefae7bb,0x30901694fdef5b27d1d40fdb1491265b5f848db90c4800e6e9fb4cd9d93ee2b2,89.771100
offchain,60,27,1.222800,123.928000,310.265800,311.488600,7.511500,true,3104,,0x3d16e0b44bc8997f0818389a71e565a2a15213cb559b304cddb9b10beefae7bb,0x174f62906f1dbb9f1f3afa4f25ad9eb5db168036a29ec958532f224076fdc363,92.700300
offchain,60,28,1.237200,122.066600,209.588100,210.825300,6.613400,true,3104,,0x3d16e0b44bc8997f0818389a71e565a2a15213cb559b304cddb9b10beefae7bb,0x1fc0a6d96a7d88820ee041588b1b5ef8609b71bc257ab32b6b162225168d3491,87.265700
offchain,60,29,1.334100,126.586300,213.297800,214.631900,7.582400,true,3104,,0x3d16e0b44bc8997f0818389a71e565a2a15213cb559b304cddb9b10beefae7bb,0x363fd6781ee50654afa441fc80bbfbb31ac2f25ed9750a617575141e0d53e36c,94.214100
offchain,60,30,1.809900,130.570100,209.231400,211.041300,7.240600,true,3104,,0x3d16e0b44bc8997f0818389a71e565a2a15213cb559b304cddb9b10beefae7bb,0x10a5e993b47ff106c15c78f60a6b7dffd34d9b914b23f3f1ca1346892fbaf1c2,92.794600
offchain,60,31,1.293300,126.513200,205.348500,206.641800,7.244000,true,3104,,0x3d16e0b44bc8997f0818389a71e565a2a15213cb559b304cddb9b10beefae7bb,0x0cfdacb2c4759906431de922cf853e5bc10724d3da29601985ffe3857e03e523,96.853600
offchain,60,32,1.340800,124.990200,216.162400,217.503200,7.873100,true,3104,,0x3d16e0b44bc8997f0818389a71e565a2a15213cb559b304cddb9b10beefae7bb,0x3675ba24e9ae2881e490b4a3cefeeedb4545ce1f44ae7ae3f56c01f143f0f10c,102.078500
offchain,60,33,1.280100,143.622800,241.234600,242.514700,7.856800,true,3104,,0x3d16e0b44bc8997f0818389a71e565a2a15213cb559b304cddb9b10beefae7bb,0x2319badc2b5ea6b2e1dff8d72d36a9b8af960b8bf3f1e844ac4ebe9f8c64d3ce,96.503100
offchain,60,34,1.445300,134.196300,226.052000,227.497300,7.921800,true,3104,,0x3d16e0b44bc8997f0818389a71e565a2a15213cb559b304cddb9b10beefae7bb,0x3a9f2d11102b5acd1538d913ffbc050a42ffbe0345fc7d2e39fd37443d03db2f,99.139200
offchain,60,35,1.342700,131.407600,234.052000,235.394700,8.510000,true,3104,,0x3d16e0b44bc8997f0818389a71e565a2a15213cb559b304cddb9b10beefae7bb,0x029fbb6959575dd9e0c6f275642f63bb966025c32014177e7b223e3d5e25c0de,105.047600
offchain,60,36,1.952200,126.758800,219.373200,221.325400,7.276300,true,3104,,0x3d16e0b44bc8997f0818389a71e565a2a15213cb559b304cddb9b10beefae7bb,0x16cc161b051629427f201cf38e94649b785cbbc761a2ee1194f847ece4a92647,89.574700
offchain,60,37,1.268700,120.827300,201.451300,202.720000,6.528000,true,3104,,0x3d16e0b44bc8997f0818389a71e565a2a15213cb559b304cddb9b10beefae7bb,0x2f19672728e5fcc6279509829a93c504806f4e8f0771ddd324a6e119ee1f2f4b,93.909300
offchain,60,38,1.369000,125.840900,202.349900,203.718900,6.754100,true,3104,,0x3d16e0b44bc8997f0818389a71e565a2a15213cb559b304cddb9b10beefae7bb,0x0aad1089951e3cff111f998ab1794ceb671b49a6e41b7b2f1d3c120083ec41e9,91.479000
offchain,60,39,1.307200,141.619000,224.133500,225.440700,6.804500,true,3104,,0x3d16e0b44bc8997f0818389a71e565a2a15213cb559b304cddb9b10beefae7bb,0x31dd3c84515354178bf199476b801b1fa3c85885ae551f947ba3106827103851,98.601700
offchain,60,40,1.226700,122.320700,198.637100,199.863800,6.890900,true,3104,,0x3d16e0b44bc8997f0818389a71e565a2a15213cb559b304cddb9b10beefae7bb,0x34ac6028281cdd981f02b6d65965384ab10d2dd5041cddfa1c684f69a7278bc1,96.363800
offchain,60,41,1.836200,118.986700,201.410200,203.246400,6.884700,true,3104,,0x3d16e0b44bc8997f0818389a71e565a2a15213cb559b304cddb9b10beefae7bb,0x1886bc4151ce37ee0642ae6d30f527369ff39474e2c01e18f226fa06bfc0d069,93.903100
offchain,60,42,1.364100,130.363100,210.509400,211.873500,7.312800,true,3104,,0x3d16e0b44bc8997f0818389a71e565a2a15213cb559b304cddb9b10beefae7bb,0x2644f5ae6aff3858dcc11d9db58283ab20e8da522a58fc8f106a5abcd04c96ca,95.533400
offchain,60,43,1.286600,123.717700,217.462800,218.749400,7.297600,true,3104,,0x3d16e0b44bc8997f0818389a71e565a2a15213cb559b304cddb9b10beefae7bb,0x0b9301bc5f1e4860d0c0bb0eda398ac61cf3c6fd5463bf5ed008cf780869441d,92.710800
offchain,60,44,1.338900,125.636300,221.893400,223.232300,8.194300,true,3104,,0x3d16e0b44bc8997f0818389a71e565a2a15213cb559b304cddb9b10beefae7bb,0x2acccf5fb34e0567d92a2c0cff07f69e75d3df0c2d643fff897570c0dc026223,115.018500
offchain,60,45,1.489100,147.709800,231.052800,232.541900,7.834000,true,3104,,0x3d16e0b44bc8997f0818389a71e565a2a15213cb559b304cddb9b10beefae7bb,0x041121bd572cc9bda6a517eeaa8767791136931171e319a336345736634db7b1,93.362600
offchain,60,46,1.188900,121.676700,200.500000,201.688900,7.308900,true,3104,,0x3d16e0b44bc8997f0818389a71e565a2a15213cb559b304cddb9b10beefae7bb,0x3c162c79af80f1d35b9f95757b721ba323b4764867ea90f68fa3e7b1b9aae4a7,88.043200
offchain,60,47,1.191800,119.268500,224.381600,225.573400,8.043800,true,3104,,0x3d16e0b44bc8997f0818389a71e565a2a15213cb559b304cddb9b10beefae7bb,0x28027ed8587421974c2f24a9582ed5d0a97ca5c7ad64f6b5317f4d6094a82f39,99.154500
offchain,60,48,1.488800,122.980400,190.367300,191.856100,8.304300,true,3104,,0x3d16e0b44bc8997f0818389a71e565a2a15213cb559b304cddb9b10beefae7bb,0x2bbe71cfc3f32a691e2492cd35a44eee42b50b7ab324ee649d9aaed5d36a743c,103.174700
offchain,60,49,1.513100,136.017700,214.307900,215.821000,7.459200,true,3104,,0x3d16e0b44bc8997f0818389a71e565a2a15213cb559b304cddb9b10beefae7bb,0x2ab2b816a17d6004fb835fa3472991b51befa47795e61581d63a1fc69bbf6dd0,88.677100
offchain,60,50,1.220700,122.468200,241.551600,242.772300,8.305200,true,3104,,0x3d16e0b44bc8997f0818389a71e565a2a15213cb559b304cddb9b10beefae7bb,0x126443045ba260a26e45fdcdbeb8ba40d2ea1697d6436c4b0a7274393249f06c,102.055600
offchain,60,51,1.556000,125.046700,198.283800,199.839800,7.028100,true,3104,,0x3d16e0b44bc8997f0818389a71e565a2a15213cb559b304cddb9b10beefae7bb,0x383871e98eb666c5c63c5adba480fc1a9f67e1c5c2d2fa4d81b324aa5fe69b50,87.586300
offchain,60,52,1.229000,118.534600,212.162000,213.391000,8.667100,true,3104,,0x3d16e0b44bc8997f0818389a71e565a2a15213cb559b304cddb9b10beefae7bb,0x29e82a4f821c59d1c5d4cd62b6bbd357a3a74fb931876bf80f6ef582b1cd8a29,104.248600
offchain,60,53,1.802600,143.425300,205.648100,207.450700,6.689500,true,3104,,0x3d16e0b44bc8997f0818389a71e565a2a15213cb559b304cddb9b10beefae7bb,0x2601d1ae9b960ce06e29e1cf7db4d04e75ab6a616df2deacf09789726ca22bdf,89.460500
offchain,60,54,1.227900,122.017600,277.864600,279.092500,7.434100,true,3104,,0x3d16e0b44bc8997f0818389a71e565a2a15213cb559b304cddb9b10beefae7bb,0x263c1ff83521cf97823ec4b41a2ff3b07273f74a0cee4d7f9096e27653c68a4f,96.348400
offchain,60,55,1.626900,140.797300,218.503900,220.130800,7.742900,true,3104,,0x3d16e0b44bc8997f0818389a71e565a2a15213cb559b304cddb9b10beefae7bb,0x1f9cf590dffcaab8eca674cb6a5168f59a670aa0371cf71fba8530198ad7d806,97.148900
offchain,60,56,1.326200,128.634800,233.137800,234.464000,6.970500,true,3104,,0x3d16e0b44bc8997f0818389a71e565a2a15213cb559b304cddb9b10beefae7bb,0x3744adeac5409456debddef5be0627ffc986b498c1363eaee7f8877f9d2c2eaa,100.866700
offchain,60,57,1.352800,130.986300,202.074700,203.427500,7.259300,true,3104,,0x3d16e0b44bc8997f0818389a71e565a2a15213cb559b304cddb9b10beefae7bb,0x12276a705dee6bfb24a50edd16945aa1a05095c4208867d0fbf6b189af465029,91.473000
offchain,60,58,1.491300,129.133000,220.025300,221.516600,7.341300,true,3104,,0x3d16e0b44bc8997f0818389a71e565a2a15213cb559b304cddb9b10beefae7bb,0x125e1a45ceca2474ec3d87784b166b9b4ad7e9325619fa7ebd9ef357cd0ca8f8,97.508300
offchain,60,59,1.344000,123.921700,208.480400,209.824400,6.821900,true,3104,,0x3d16e0b44bc8997f0818389a71e565a2a15213cb559b304cddb9b10beefae7bb,0x05621a77cbef0befc2734e5d45b31a852cfb55b3a848731655f8d9883c6aa0cd,93.392200
